dataset,budget_level,budget_seconds,method,run,seed,best_score,configs_evaluated,time_used
adult,very_low,60,random_search,0,0,0.7827790903785621,7,57.5393500328064
adult,very_low,60,random_search,1,1,0.779802330910977,5,64.34062170982361
adult,very_low,60,random_search,2,2,0.7782944763750462,7,65.33072400093079
adult,very_low,60,random_search,3,3,0.7802212684734933,8,66.02548503875732
adult,very_low,60,random_search,4,4,0.7816466480445383,6,57.43589496612549
adult,very_low,60,random_search,5,5,0.7834192596436854,6,58.567286014556885
adult,very_low,60,random_search,6,6,0.778065667966971,8,58.02947497367859
adult,very_low,60,random_search,7,7,0.7814757747017066,11,64.56107711791992
adult,very_low,60,random_search,8,8,0.781756423881753,10,68.4972882270813
adult,very_low,60,random_search,9,9,0.7864716482632895,10,57.49700903892517
adult,very_low,60,sha,0,0,0.7810413586539969,34,60.53519630432129
adult,very_low,60,sha,1,1,0.7779806342129167,37,62.92850303649902
adult,very_low,60,sha,2,2,0.7829846077217962,38,64.71172022819519
adult,very_low,60,sha,3,3,0.7810480756955968,36,61.94221591949463
adult,very_low,60,sha,4,4,0.7807377141966253,37,63.18651390075683
adult,very_low,60,sha,5,5,0.7829883643975898,36,65.98434901237488
adult,very_low,60,sha,6,6,0.7812744217729545,34,63.95216393470764
adult,very_low,60,sha,7,7,0.7794738707959682,37,66.77069783210754
adult,very_low,60,sha,8,8,0.7803095578354692,37,60.63969302177429
adult,very_low,60,sha,9,9,0.7811142867320768,37,74.19731879234314
adult,very_low,60,hyperband,0,0,0.7771509381088199,97,60.16819596290589
adult,very_low,60,hyperband,1,1,0.781553738953388,96,60.541133880615234
adult,very_low,60,hyperband,2,2,0.7823180659764203,96,60.00260901451111
adult,very_low,60,hyperband,3,3,0.7806122162968299,98,60.14763593673706
adult,very_low,60,hyperband,4,4,0.7762311714898567,93,60.29707098007202
adult,very_low,60,hyperband,5,5,0.782574996363938,95,62.79473114013672
adult,very_low,60,hyperband,6,6,0.7810430061531622,102,60.04742097854614
adult,very_low,60,hyperband,7,7,0.7827719258951339,102,60.98070192337036
adult,very_low,60,hyperband,8,8,0.7803095578354692,97,60.18208384513855
adult,very_low,60,hyperband,9,9,0.7801469404911471,107,60.07530093193054
adult,low,120,random_search,0,0,0.7827790903785621,14,116.34244012832642
adult,low,120,random_search,1,1,0.779802330910977,13,126.25681185722352
adult,low,120,random_search,2,2,0.7812469824607798,14,114.55986714363098
adult,low,120,random_search,3,3,0.7802212684734933,17,121.82594680786131
adult,low,120,random_search,4,4,0.7827932977511279,14,124.46297693252563
adult,low,120,random_search,5,5,0.7834192596436854,15,123.88510513305664
adult,low,120,random_search,6,6,0.778065667966971,13,119.49589681625366
adult,low,120,random_search,7,7,0.7841501184160512,19,115.01650500297546
adult,low,120,random_search,8,8,0.781756423881753,13,122.44992184638976
adult,low,120,random_search,9,9,0.7864716482632895,15,119.35850405693054
adult,low,120,sha,0,0,0.7827790903785621,40,118.12860012054443
adult,low,120,sha,1,1,0.7779806342129167,40,74.90014600753784
adult,low,120,sha,2,2,0.7829846077217962,40,73.75997710227966
adult,low,120,sha,3,3,0.7810480756955968,40,99.08666706085204
adult,low,120,sha,4,4,0.7827932977511279,40,101.91728711128236
adult,low,120,sha,5,5,0.7829883643975898,40,105.7245500087738
adult,low,120,sha,6,6,0.7812744217729545,40,130.32809209823608
adult,low,120,sha,7,7,0.780152401551963,40,93.24602699279784
adult,low,120,sha,8,8,0.7803095578354692,40,82.00883603096008
adult,low,120,sha,9,9,0.7811142867320768,40,99.94785404205322
adult,low,120,hyperband,0,0,0.7819695905770274,120,124.46295309066772
adult,low,120,hyperband,1,1,0.781553738953388,119,133.21573615074158
adult,low,120,hyperband,2,2,0.7823180659764203,119,120.64515471458436
adult,low,120,hyperband,3,3,0.7810480756955968,122,121.35047507286072
adult,low,120,hyperband,4,4,0.7841146143382124,121,126.04180693626404
adult,low,120,hyperband,5,5,0.782574996363938,117,127.95521688461304
adult,low,120,hyperband,6,6,0.781498987488746,121,124.69748520851137
adult,low,120,hyperband,7,7,0.7827719258951339,120,123.50585293769836
adult,low,120,hyperband,8,8,0.7803095578354692,118,122.419997215271
adult,low,120,hyperband,9,9,0.7801469404911471,136,120.1066918373108
adult,medium,300,random_search,0,0,0.7855850210134229,32,308.2477660179138
adult,medium,300,random_search,1,1,0.7843058092181003,32,286.0049648284912
adult,medium,300,random_search,2,2,0.7820443843971142,36,310.54761695861816
adult,medium,300,random_search,3,3,0.7824707096428843,35,293.67452788352966
adult,medium,300,random_search,4,4,0.7848079201018147,36,291.4680199623108
adult,medium,300,random_search,5,5,0.7866828351802161,35,285.0011761188507
adult,medium,300,random_search,6,6,0.7812744217729545,33,289.1438989639282
adult,medium,300,random_search,7,7,0.784250232231762,42,287.76229310035706
adult,medium,300,random_search,8,8,0.781756423881753,32,285.06854605674744
adult,medium,300,random_search,9,9,0.7864716482632895,39,285.2941451072693
adult,medium,300,sha,0,0,0.7827790903785621,40,118.30624008178712
adult,medium,300,sha,1,1,0.7779806342129167,40,74.71135210990906
adult,medium,300,sha,2,2,0.7829846077217962,40,73.77495098114014
adult,medium,300,sha,3,3,0.7810480756955968,40,99.12274527549744
adult,medium,300,sha,4,4,0.7827932977511279,40,101.80954217910768
adult,medium,300,sha,5,5,0.7829883643975898,40,105.477952003479
adult,medium,300,sha,6,6,0.7812744217729545,40,130.46058225631714
adult,medium,300,sha,7,7,0.780152401551963,40,93.14304780960084
adult,medium,300,sha,8,8,0.7803095578354692,40,82.29269003868103
adult,medium,300,sha,9,9,0.7811142867320768,40,100.01860618591309
adult,medium,300,hyperband,0,0,0.7819695905770274,191,313.85372495651245
adult,medium,300,hyperband,1,1,0.7822246168039113,186,305.0064227581024
adult,medium,300,hyperband,2,2,0.7824599501905984,189,314.6467139720917
adult,medium,300,hyperband,3,3,0.7830649164928486,189,305.6196668148041
adult,medium,300,hyperband,4,4,0.7841146143382124,190,308.92407178878784
adult,medium,300,hyperband,5,5,0.7837247138236619,176,301.5487172603607
adult,medium,300,hyperband,6,6,0.7852669468999678,193,303.835725069046
adult,medium,300,hyperband,7,7,0.7827719258951339,192,300.8670217990875
adult,medium,300,hyperband,8,8,0.7851865462596828,185,302.1613037586212
adult,medium,300,hyperband,9,9,0.781739982148077,188,303.38909697532654
adult,high,600,random_search,0,0,0.7855850210134229,69,571.7953279018402
adult,high,600,random_search,1,1,0.786928651328174,71,571.4278178215027
adult,high,600,random_search,2,2,0.782639681174726,69,571.103964805603
adult,high,600,random_search,3,3,0.7824707096428843,73,572.562922000885
adult,high,600,random_search,4,4,0.7859289101843733,71,572.9371230602264
adult,high,600,random_search,5,5,0.7866828351802161,71,592.7805199623108
adult,high,600,random_search,6,6,0.7844876488938373,68,589.0294260978699
adult,high,600,random_search,7,7,0.7848087135373794,79,574.4139089584351
adult,high,600,random_search,8,8,0.7840350758652462,69,573.0121920108795
adult,high,600,random_search,9,9,0.7864716482632895,76,570.9662516117096
adult,high,600,sha,0,0,0.7827790903785621,40,118.84972500801086
adult,high,600,sha,1,1,0.7779806342129167,40,74.66921710968018
adult,high,600,sha,2,2,0.7829846077217962,40,73.79453611373901
adult,high,600,sha,3,3,0.7810480756955968,40,98.97339630126952
adult,high,600,sha,4,4,0.7827932977511279,40,101.93365001678468
adult,high,600,sha,5,5,0.7829883643975898,40,105.41481494903564
adult,high,600,sha,6,6,0.7812744217729545,40,130.13255500793457
adult,high,600,sha,7,7,0.780152401551963,40,93.13308691978456
adult,high,600,sha,8,8,0.7803095578354692,40,82.16561722755432
adult,high,600,sha,9,9,0.7811142867320768,40,100.47838187217712
adult,high,600,hyperband,0,0,0.7819695905770274,206,424.3136749267578
adult,high,600,hyperband,1,1,0.7822246168039113,206,455.99941086769104
adult,high,600,hyperband,2,2,0.7862952760585938,206,458.05371618270874
adult,high,600,hyperband,3,3,0.7830649164928486,206,458.30204010009766
adult,high,600,hyperband,4,4,0.7841146143382124,206,421.0404779911041
adult,high,600,hyperband,5,5,0.7837247138236619,206,500.5195498466492
adult,high,600,hyperband,6,6,0.7852669468999678,206,405.98666191101074
adult,high,600,hyperband,7,7,0.7827719258951339,206,397.1425688266754
adult,high,600,hyperband,8,8,0.7851865462596828,206,511.0285449028015
adult,high,600,hyperband,9,9,0.7823493601398009,206,473.66024804115295
fashion_mnist,very_low,60,random_search,0,0,0.8853226094266398,3,73.28591203689575
fashion_mnist,very_low,60,random_search,1,1,0.884650054068576,1,107.11856293678284
fashion_mnist,very_low,60,random_search,2,2,0.8831233684957791,3,61.985873222351074
fashion_mnist,very_low,60,random_search,3,3,0.8807021694621465,3,73.68853497505188
fashion_mnist,very_low,60,random_search,4,4,0.8842591486789554,3,59.01178002357483
fashion_mnist,very_low,60,random_search,5,5,0.8875193144098441,1,126.2083330154419
fashion_mnist,very_low,60,random_search,6,6,0.8854094527452423,4,109.63315105438232
fashion_mnist,very_low,60,random_search,7,7,0.8815931585060146,3,92.74980092048644
fashion_mnist,very_low,60,random_search,8,8,0.8808159784316801,2,65.52574300765991
fashion_mnist,very_low,60,random_search,9,9,0.8828470884024505,4,74.84988307952881
fashion_mnist,very_low,60,sha,0,0,0.8736664257131411,15,66.38923406600952
fashion_mnist,very_low,60,sha,1,1,0.8712361631502458,15,64.33898186683655
fashion_mnist,very_low,60,sha,2,2,0.8754697977378966,14,60.54084277153015
fashion_mnist,very_low,60,sha,3,3,0.8708971084392907,16,60.22557592391968
fashion_mnist,very_low,60,sha,4,4,0.8750128174973292,14,63.850385904312134
fashion_mnist,very_low,60,sha,5,5,0.8704790218296979,18,68.30603098869324
fashion_mnist,very_low,60,sha,6,6,0.8687511538903449,15,61.96290993690491
fashion_mnist,very_low,60,sha,7,7,0.8731626824004058,17,60.097625732421875
fashion_mnist,very_low,60,sha,8,8,0.8688963458853514,15,61.88438105583191
fashion_mnist,very_low,60,sha,9,9,0.8708831771082854,15,60.27301025390625
fashion_mnist,very_low,60,hyperband,0,0,0.8598794881276012,33,61.349323987960815
fashion_mnist,very_low,60,hyperband,1,1,0.8588960325823658,34,61.1729199886322
fashion_mnist,very_low,60,hyperband,2,2,0.8546265540139805,36,60.66739082336426
fashion_mnist,very_low,60,hyperband,3,3,0.8571446497765121,33,61.46348023414612
fashion_mnist,very_low,60,hyperband,4,4,0.8544243386860287,34,60.57538318634033
fashion_mnist,very_low,60,hyperband,5,5,0.8607602043856982,37,61.492039918899536
fashion_mnist,very_low,60,hyperband,6,6,0.8606317530044634,35,61.51243805885315
fashion_mnist,very_low,60,hyperband,7,7,0.8604310981941877,37,60.691864013671875
fashion_mnist,very_low,60,hyperband,8,8,0.8583423794383064,34,60.736430168151855
fashion_mnist,very_low,60,hyperband,9,9,0.8570743197212202,36,60.53205704689026
fashion_mnist,low,120,random_search,0,0,0.8853226094266398,5,146.0859339237213
fashion_mnist,low,120,random_search,1,1,0.884650054068576,2,127.12129592895508
fashion_mnist,low,120,random_search,2,2,0.8845846615790713,4,149.96280431747437
fashion_mnist,low,120,random_search,3,3,0.8857450047960129,5,117.18688893318176
fashion_mnist,low,120,random_search,4,4,0.8842591486789554,4,124.60991621017456
fashion_mnist,low,120,random_search,5,5,0.8875193144098441,1,126.15388536453248
fashion_mnist,low,120,random_search,6,6,0.8854094527452423,5,136.29917907714844
fashion_mnist,low,120,random_search,7,7,0.8815931585060146,4,175.57655382156372
fashion_mnist,low,120,random_search,8,8,0.8847617932965063,4,116.73212122917175
fashion_mnist,low,120,random_search,9,9,0.8873192708856497,5,132.30914902687073
fashion_mnist,low,120,sha,0,0,0.8821577400878958,28,123.78457975387572
fashion_mnist,low,120,sha,1,1,0.8810488581004212,29,126.77878093719482
fashion_mnist,low,120,sha,2,2,0.8837030613862797,30,147.14384174346924
fashion_mnist,low,120,sha,3,3,0.8798124782844061,28,128.2983660697937
fashion_mnist,low,120,sha,4,4,0.877915023763363,29,123.68242406845091
fashion_mnist,low,120,sha,5,5,0.879336373720942,30,124.7993860244751
fashion_mnist,low,120,sha,6,6,0.8788292266589245,28,138.41927289962769
fashion_mnist,low,120,sha,7,7,0.8821209523114172,29,120.36172533035278
fashion_mnist,low,120,sha,8,8,0.876405941131254,28,133.9780158996582
fashion_mnist,low,120,sha,9,9,0.880205478421499,29,123.45089101791382
fashion_mnist,low,120,hyperband,0,0,0.8598794881276012,69,120.97047090530396
fashion_mnist,low,120,hyperband,1,1,0.8588960325823658,71,122.07010626792908
fashion_mnist,low,120,hyperband,2,2,0.8562987749093077,71,122.94460606575012
fashion_mnist,low,120,hyperband,3,3,0.8571446497765121,65,120.2681050300598
fashion_mnist,low,120,hyperband,4,4,0.8559463328926924,70,120.18714022636414
fashion_mnist,low,120,hyperband,5,5,0.8607602043856982,73,122.70374178886414
fashion_mnist,low,120,hyperband,6,6,0.8606317530044634,70,120.37993597984314
fashion_mnist,low,120,hyperband,7,7,0.8604310981941877,75,120.15995693206789
fashion_mnist,low,120,hyperband,8,8,0.8586150813230683,72,120.5404360294342
fashion_mnist,low,120,hyperband,9,9,0.8570743197212202,72,120.5066978931427
fashion_mnist,medium,300,random_search,0,0,0.8853226094266398,9,298.63186478614807
fashion_mnist,medium,300,random_search,1,1,0.884650054068576,9,291.4347491264343
fashion_mnist,medium,300,random_search,2,2,0.8845846615790713,8,294.55099987983704
fashion_mnist,medium,300,random_search,3,3,0.8863863369990717,9,289.2951989173889
fashion_mnist,medium,300,random_search,4,4,0.8861227212728581,10,350.5496988296509
fashion_mnist,medium,300,random_search,5,5,0.8875193144098441,9,306.5095498561859
fashion_mnist,medium,300,random_search,6,6,0.8854094527452423,10,288.04372787475586
fashion_mnist,medium,300,random_search,7,7,0.885867616787102,11,336.8850631713867
fashion_mnist,medium,300,random_search,8,8,0.8847617932965063,11,354.5453202724457
fashion_mnist,medium,300,random_search,9,9,0.8873192708856497,11,337.8727469444275
fashion_mnist,medium,300,sha,0,0,0.8882008895343203,39,318.81482005119324
fashion_mnist,medium,300,sha,1,1,0.8869310672505989,37,376.66573095321655
fashion_mnist,medium,300,sha,2,2,0.8845846615790713,39,367.0910782814026
fashion_mnist,medium,300,sha,3,3,0.8844131849194473,38,349.6284968852997
fashion_mnist,medium,300,sha,4,4,0.8861227212728581,38,314.63630509376526
fashion_mnist,medium,300,sha,5,5,0.8860463627947416,38,364.626660823822
fashion_mnist,medium,300,sha,6,6,0.8837377006505052,37,314.46706199645996
fashion_mnist,medium,300,sha,7,7,0.8898985361172621,39,323.04871582984924
fashion_mnist,medium,300,sha,8,8,0.8857499942354045,40,311.9054582118988
fashion_mnist,medium,300,sha,9,9,0.8845815895560644,40,298.0399317741394
fashion_mnist,medium,300,hyperband,0,0,0.8837702553133339,111,317.91948080062866
fashion_mnist,medium,300,hyperband,1,1,0.8886712820888497,112,320.2260432243347
fashion_mnist,medium,300,hyperband,2,2,0.8841082335525844,111,315.07190203666687
fashion_mnist,medium,300,hyperband,3,3,0.8831815055719132,109,336.3222436904907
fashion_mnist,medium,300,hyperband,4,4,0.8842432975933444,111,304.92679619789124
fashion_mnist,medium,300,hyperband,5,5,0.8849848622865553,110,304.0161509513855
fashion_mnist,medium,300,hyperband,6,6,0.8860327957505154,114,320.5120859146118
fashion_mnist,medium,300,hyperband,7,7,0.8852356586231328,116,319.6762490272522
fashion_mnist,medium,300,hyperband,8,8,0.8847200095829582,112,304.6097891330719
fashion_mnist,medium,300,hyperband,9,9,0.8842448893096381,112,312.9672050476074
fashion_mnist,high,600,random_search,0,0,0.8868060907940646,16,575.0593099594116
fashion_mnist,high,600,random_search,1,1,0.8859218540116512,16,603.2021248340607
fashion_mnist,high,600,random_search,2,2,0.8893074554355677,20,579.9638531208038
fashion_mnist,high,600,random_search,3,3,0.8863863369990717,17,581.1723890304565
fashion_mnist,high,600,random_search,4,4,0.8861227212728581,17,572.760064125061
fashion_mnist,high,600,random_search,5,5,0.8875193144098441,18,581.1835861206055
fashion_mnist,high,600,random_search,6,6,0.8872793143660201,18,621.1373388767242
fashion_mnist,high,600,random_search,7,7,0.8898985361172621,19,599.7624940872192
fashion_mnist,high,600,random_search,8,8,0.886309031780518,15,580.9345588684082
fashion_mnist,high,600,random_search,9,9,0.8873192708856497,18,574.1970319747925
fashion_mnist,high,600,sha,0,0,0.8882008895343203,40,340.1490020751953
fashion_mnist,high,600,sha,1,1,0.8894415181104031,40,622.5044980049133
fashion_mnist,high,600,sha,2,2,0.8845846615790713,40,455.1603410243988
fashion_mnist,high,600,sha,3,3,0.8844131849194473,40,457.8185930252075
fashion_mnist,high,600,sha,4,4,0.8861227212728581,40,432.9160912036896
fashion_mnist,high,600,sha,5,5,0.8871982629120444,40,506.93661403656006
fashion_mnist,high,600,sha,6,6,0.8851775554801419,40,428.17340540885925
fashion_mnist,high,600,sha,7,7,0.8898985361172621,40,375.99123096466064
fashion_mnist,high,600,sha,8,8,0.8857499942354045,40,311.736300945282
fashion_mnist,high,600,sha,9,9,0.8845815895560644,40,298.1894919872284
fashion_mnist,high,600,hyperband,0,0,0.8880249951362672,120,635.3846881389618
fashion_mnist,high,600,hyperband,1,1,0.8894415181104031,121,689.7577888965607
fashion_mnist,high,600,hyperband,2,2,0.8876021757505845,140,604.098965883255
fashion_mnist,high,600,hyperband,3,3,0.8857934660458037,121,605.328008890152
fashion_mnist,high,600,hyperband,4,4,0.8872159244652499,131,602.8813607692719
fashion_mnist,high,600,hyperband,5,5,0.8875343953579901,121,616.5200748443604
fashion_mnist,high,600,hyperband,6,6,0.8864623666863173,138,603.9220659732819
fashion_mnist,high,600,hyperband,7,7,0.8898985361172621,147,601.3403608798981
fashion_mnist,high,600,hyperband,8,8,0.8883382152897984,121,629.5730290412903
fashion_mnist,high,600,hyperband,9,9,0.8894253602028673,129,604.5152831077576
mnist,very_low,60,random_search,0,0,0.9710030830344242,2,57.4989218711853
mnist,very_low,60,random_search,1,1,0.9665278132035834,1,190.80725502967832
mnist,very_low,60,random_search,2,2,0.9662132740578308,2,59.67274522781372
mnist,very_low,60,random_search,3,3,0.96558309619446,3,92.79954719543456
mnist,very_low,60,random_search,4,4,0.9670461461959023,3,76.59731221199036
mnist,very_low,60,random_search,5,5,0.9682520283115365,1,92.45645713806152
mnist,very_low,60,random_search,6,6,0.973043613323188,3,58.62587904930115
mnist,very_low,60,random_search,7,7,0.965297357875083,3,105.62714982032776
mnist,very_low,60,random_search,8,8,0.968322156501274,2,78.87387132644653
mnist,very_low,60,random_search,9,9,0.9644814123820104,3,60.31802701950073
mnist,very_low,60,sha,0,0,0.9613963319605991,15,66.39242219924927
mnist,very_low,60,sha,1,1,0.9611708495247538,15,64.3179099559784
mnist,very_low,60,sha,2,2,0.9604785007278512,14,60.61721229553223
mnist,very_low,60,sha,3,3,0.9614225673883574,16,60.294501066207886
mnist,very_low,60,sha,4,4,0.9588909961775716,14,63.98375487327576
mnist,very_low,60,sha,5,5,0.9632011504832562,18,68.41610288619995
mnist,very_low,60,sha,6,6,0.96123269238883,15,62.16018605232239
mnist,very_low,60,sha,7,7,0.959959266021011,17,60.122771978378296
mnist,very_low,60,sha,8,8,0.9606364843816736,15,61.96333193778992
mnist,very_low,60,sha,9,9,0.9586777567422486,15,60.36105179786682
mnist,very_low,60,hyperband,0,0,0.9490484666614584,33,61.36953926086426
mnist,very_low,60,hyperband,1,1,0.949623499808192,34,61.14230704307556
mnist,very_low,60,hyperband,2,2,0.9474272894217276,36,60.797998666763306
mnist,very_low,60,hyperband,3,3,0.9508601716719024,33,61.531121253967285
mnist,very_low,60,hyperband,4,4,0.9446501452286352,34,60.55047082901001
mnist,very_low,60,hyperband,5,5,0.9504397773141944,37,61.62859320640564
mnist,very_low,60,hyperband,6,6,0.9517352115678068,34,60.080703020095825
mnist,very_low,60,hyperband,7,7,0.9484488437083723,37,60.756104946136475
mnist,very_low,60,hyperband,8,8,0.9525858320367712,34,60.89198398590088
mnist,very_low,60,hyperband,9,9,0.94828275696079,36,60.63860511779785
mnist,low,120,random_search,0,0,0.9710030830344242,4,124.06333684921265
mnist,low,120,random_search,1,1,0.9665278132035834,1,190.91045880317688
mnist,low,120,random_search,2,2,0.9668359869163404,4,223.9531991481781
mnist,low,120,random_search,3,3,0.9662227546783232,5,165.86629986763
mnist,low,120,random_search,4,4,0.9670461461959023,4,139.12778210639954
mnist,low,120,random_search,5,5,0.9682520283115365,3,137.0920639038086
mnist,low,120,random_search,6,6,0.973043613323188,4,130.45794916152954
mnist,low,120,random_search,7,7,0.965297357875083,4,225.23462390899655
mnist,low,120,random_search,8,8,0.968322156501274,3,115.14950394630432
mnist,low,120,random_search,9,9,0.970401781147066,5,129.60122394561768
mnist,low,120,sha,0,0,0.9651769268695592,28,122.82322716712952
mnist,low,120,sha,1,1,0.9634167546494176,28,122.9313530921936
mnist,low,120,sha,2,2,0.9625194972629932,29,129.58523893356323
mnist,low,120,sha,3,3,0.9614225673883574,28,128.09461879730225
mnist,low,120,sha,4,4,0.9602530527777252,29,123.69396209716795
mnist,low,120,sha,5,5,0.9632011504832562,30,122.06877374649048
mnist,low,120,sha,6,6,0.96123269238883,28,138.2467520236969
mnist,low,120,sha,7,7,0.96277385466897,30,121.3611671924591
mnist,low,120,sha,8,8,0.962584705498618,29,147.7512140274048
mnist,low,120,sha,9,9,0.963300270292066,28,126.97095680236816
mnist,low,120,hyperband,0,0,0.949450969943054,69,121.31351900100708
mnist,low,120,hyperband,1,1,0.949623499808192,70,120.08903193473816
mnist,low,120,hyperband,2,2,0.947448653035424,71,123.28380393981934
mnist,low,120,hyperband,3,3,0.9508601716719024,65,120.52696824073792
mnist,low,120,hyperband,4,4,0.9457000216233832,70,120.47360110282898
mnist,low,120,hyperband,5,5,0.9504397773141944,73,123.10349678993224
mnist,low,120,hyperband,6,6,0.9517352115678068,70,120.29470014572144
mnist,low,120,hyperband,7,7,0.9490854865955716,75,120.31204676628111
mnist,low,120,hyperband,8,8,0.9525858320367712,72,121.201327085495
mnist,low,120,hyperband,9,9,0.94828275696079,72,121.14196395874023
mnist,medium,300,random_search,0,0,0.9710030830344242,6,304.2248339653015
mnist,medium,300,random_search,1,1,0.9717935247953556,4,289.5432541370392
mnist,medium,300,random_search,2,2,0.9668359869163404,6,330.5457270145416
mnist,medium,300,random_search,3,3,0.9662227546783232,7,301.04240107536316
mnist,medium,300,random_search,4,4,0.9670461461959023,7,316.829735994339
mnist,medium,300,random_search,5,5,0.9682520283115365,9,300.28607082366943
mnist,medium,300,random_search,6,6,0.973043613323188,10,324.0618407726288
mnist,medium,300,random_search,7,7,0.9662691241331802,7,292.0007860660553
mnist,medium,300,random_search,8,8,0.9696910221341092,11,378.7286179065704
mnist,medium,300,random_search,9,9,0.970401781147066,11,350.51221108436584
mnist,medium,300,sha,0,0,0.972138430805072,40,300.41768431663513
mnist,medium,300,sha,1,1,0.9679519274724824,38,334.05360102653503
mnist,medium,300,sha,2,2,0.9705694864644324,40,316.1029722690582
mnist,medium,300,sha,3,3,0.9678306414750176,37,314.5828859806061
mnist,medium,300,sha,4,4,0.9709828714008034,39,301.07044291496277
mnist,medium,300,sha,5,5,0.9702331051699922,37,319.14165902137756
mnist,medium,300,sha,6,6,0.9726139949968778,39,319.56684708595276
mnist,medium,300,sha,7,7,0.9729187067722026,39,338.44250679016113
mnist,medium,300,sha,8,8,0.967294521675035,38,324.145592212677
mnist,medium,300,sha,9,9,0.9693228058793524,39,304.3511691093445
mnist,medium,300,hyperband,0,0,0.9660351341738436,112,318.6231138706207
mnist,medium,300,hyperband,1,1,0.9668110409590044,112,308.93300223350525
mnist,medium,300,hyperband,2,2,0.9669618219643868,113,302.69583201408386
mnist,medium,300,hyperband,3,3,0.966932631492696,113,304.47721695899963
mnist,medium,300,hyperband,4,4,0.9659109330288894,113,300.52419209480286
mnist,medium,300,hyperband,5,5,0.9674977781834572,111,315.6782178878784
mnist,medium,300,hyperband,6,6,0.9681180222679504,114,307.7647831439972
mnist,medium,300,hyperband,7,7,0.9681353062146544,115,311.02462577819824
mnist,medium,300,hyperband,8,8,0.9660678124650658,111,326.02260994911194
mnist,medium,300,hyperband,9,9,0.968763306328257,116,313.4672348499298
mnist,high,600,random_search,0,0,0.9710030830344242,10,583.0468978881836
mnist,high,600,random_search,1,1,0.9717935247953556,13,646.0185289382935
mnist,high,600,random_search,2,2,0.9705694864644324,13,619.7639558315277
mnist,high,600,random_search,3,3,0.9716493107711084,12,591.3799970149994
mnist,high,600,random_search,4,4,0.9697593289842164,14,620.1457550525665
mnist,high,600,random_search,5,5,0.970351591200394,18,652.2604260444641
mnist,high,600,random_search,6,6,0.973043613323188,15,647.2921321392059
mnist,high,600,random_search,7,7,0.9709390949160656,17,583.9187409877777
mnist,high,600,random_search,8,8,0.9696910221341092,14,615.3283410072327
mnist,high,600,random_search,9,9,0.970401781147066,15,616.2251608371735
mnist,high,600,sha,0,0,0.972138430805072,40,300.25001978874207
mnist,high,600,sha,1,1,0.9717935247953556,40,426.522864818573
mnist,high,600,sha,2,2,0.9705694864644324,40,315.9438259601593
mnist,high,600,sha,3,3,0.9718944973046532,40,417.09343576431274
mnist,high,600,sha,4,4,0.9710025264847808,40,323.39604091644287
mnist,high,600,sha,5,5,0.9702331051699922,40,580.7316310405731
mnist,high,600,sha,6,6,0.973043613323188,40,359.93738079071045
mnist,high,600,sha,7,7,0.9732147162011164,40,415.3446471691131
mnist,high,600,sha,8,8,0.9708781209629098,40,424.72068190574646
mnist,high,600,sha,9,9,0.9693228058793524,40,322.38110184669495
mnist,high,600,hyperband,0,0,0.972138430805072,150,601.4337027072906
mnist,high,600,hyperband,1,1,0.9714395647428544,134,611.6820242404938
mnist,high,600,hyperband,2,2,0.9712032091958216,163,600.9254040718079
mnist,high,600,hyperband,3,3,0.9718944973046532,140,604.6772410869598
mnist,high,600,hyperband,4,4,0.97050631143061,125,604.2947490215302
mnist,high,600,hyperband,5,5,0.970968797850257,120,625.2660210132599
mnist,high,600,hyperband,6,6,0.9734997422421428,122,601.1281838417053
mnist,high,600,hyperband,7,7,0.9732147162011164,140,604.8845481872559
mnist,high,600,hyperband,8,8,0.9711127167420708,129,601.1276359558105
mnist,high,600,hyperband,9,9,0.9720568878000178,155,605.1441478729248
letter,very_low,60,random_search,0,0,0.958551402941418,6,63.60525822639465
letter,very_low,60,random_search,1,1,0.9564703137565924,4,59.55168604850769
letter,very_low,60,random_search,2,2,0.9533175329311678,6,66.74465107917786
letter,very_low,60,random_search,3,3,0.9452642378984736,6,65.29577207565308
letter,very_low,60,random_search,4,4,0.9536115678237128,6,76.26826000213623
letter,very_low,60,random_search,5,5,0.9588779381943208,5,57.7829749584198
letter,very_low,60,random_search,6,6,0.957316209630962,10,67.46961402893066
letter,very_low,60,random_search,7,7,0.9526070481505556,11,63.12145686149597
letter,very_low,60,random_search,8,8,0.9551146193714884,10,61.84771990776062
letter,very_low,60,random_search,9,9,0.9602265982540444,9,60.45980906486511
letter,very_low,60,sha,0,0,0.9637342805386744,40,65.61909294128418
letter,very_low,60,sha,1,1,0.9573851332619756,40,44.06064200401306
letter,very_low,60,sha,2,2,0.9532232291657294,40,35.033458948135376
letter,very_low,60,sha,3,3,0.948251206818998,40,63.830138206481934
letter,very_low,60,sha,4,4,0.9509456671835632,40,43.66345715522766
letter,very_low,60,sha,5,5,0.9511691518244746,40,75.15311694145203
letter,very_low,60,sha,6,6,0.957316209630962,40,63.16002607345581
letter,very_low,60,sha,7,7,0.950590984134197,40,52.93974328041077
letter,very_low,60,sha,8,8,0.9546906068979274,40,71.48799204826355
letter,very_low,60,sha,9,9,0.9552640345899238,40,44.756990909576416
letter,very_low,60,hyperband,0,0,0.9586459508710498,120,60.01314306259155
letter,very_low,60,hyperband,1,1,0.9612002166027462,119,63.7523877620697
letter,very_low,60,hyperband,2,2,0.9532232291657294,121,62.656928062438965
letter,very_low,60,hyperband,3,3,0.9536721402830648,119,60.98208165168762
letter,very_low,60,hyperband,4,4,0.952962993385452,120,61.60222506523132
letter,very_low,60,hyperband,5,5,0.950983746029056,120,62.01267409324646
letter,very_low,60,hyperband,6,6,0.957666731878708,131,60.04085922241211
letter,very_low,60,hyperband,7,7,0.9492199927818148,118,63.47974705696106
letter,very_low,60,hyperband,8,8,0.9510819514600888,118,60.19880890846253
letter,very_low,60,hyperband,9,9,0.9552640345899238,127,60.00460433959961
letter,low,120,random_search,0,0,0.958551402941418,10,121.79737091064452
letter,low,120,random_search,1,1,0.9573851332619756,11,126.8477063179016
letter,low,120,random_search,2,2,0.9533175329311678,11,118.40826272964478
letter,low,120,random_search,3,3,0.9516173561415572,11,116.39418005943298
letter,low,120,random_search,4,4,0.954984911469157,11,121.29874086380003
letter,low,120,random_search,5,5,0.9588779381943208,10,121.19516396522522
letter,low,120,random_search,6,6,0.957316209630962,13,116.29701924324036
letter,low,120,random_search,7,7,0.9526070481505556,18,116.9888927936554
letter,low,120,random_search,8,8,0.9551146193714884,14,127.07512497901917
letter,low,120,random_search,9,9,0.9602265982540444,12,117.18636703491212
letter,low,120,sha,0,0,0.9637342805386744,40,65.68191623687744
letter,low,120,sha,1,1,0.9573851332619756,40,44.074729204177856
letter,low,120,sha,2,2,0.9532232291657294,40,35.07963991165161
letter,low,120,sha,3,3,0.948251206818998,40,63.88252902030945
letter,low,120,sha,4,4,0.9509456671835632,40,43.68932294845581
letter,low,120,sha,5,5,0.9511691518244746,40,74.91085696220398
letter,low,120,sha,6,6,0.957316209630962,40,63.2594428062439
letter,low,120,sha,7,7,0.950590984134197,40,52.93742799758911
letter,low,120,sha,8,8,0.9546906068979274,40,71.41927981376648
letter,low,120,sha,9,9,0.9552640345899238,40,44.898998975753784
letter,low,120,hyperband,0,0,0.9637342805386744,167,120.36395692825316
letter,low,120,hyperband,1,1,0.9612002166027462,166,122.49928903579712
letter,low,120,hyperband,2,2,0.955440905259742,173,121.74464511871338
letter,low,120,hyperband,3,3,0.958646822172549,170,122.02818298339844
letter,low,120,hyperband,4,4,0.9610010288650932,168,125.8206741809845
letter,low,120,hyperband,5,5,0.9587543915884874,176,122.06971216201782
letter,low,120,hyperband,6,6,0.9602127747992528,187,125.62272691726685
letter,low,120,hyperband,7,7,0.950590984134197,158,121.6082239151001
letter,low,120,hyperband,8,8,0.9581566052441368,168,128.1304850578308
letter,low,120,hyperband,9,9,0.9552640345899238,169,121.20461893081664
letter,medium,300,random_search,0,0,0.9637342805386744,26,292.2678699493408
letter,medium,300,random_search,1,1,0.9573851332619756,25,293.55796122550964
letter,medium,300,random_search,2,2,0.954197339708452,27,298.3047959804535
letter,medium,300,random_search,3,3,0.9516173561415572,29,286.8492250442505
letter,medium,300,random_search,4,4,0.954984911469157,26,291.4310929775238
letter,medium,300,random_search,5,5,0.9588779381943208,26,285.4937798976898
letter,medium,300,random_search,6,6,0.957316209630962,25,300.18294978141785
letter,medium,300,random_search,7,7,0.9550838596771868,39,285.43893098831177
letter,medium,300,random_search,8,8,0.9555466302799284,32,294.9434280395508
letter,medium,300,random_search,9,9,0.9602265982540444,34,289.24832916259766
letter,medium,300,sha,0,0,0.9637342805386744,40,65.65905094146729
letter,medium,300,sha,1,1,0.9573851332619756,40,44.00138807296753
letter,medium,300,sha,2,2,0.9532232291657294,40,35.00408172607422
letter,medium,300,sha,3,3,0.948251206818998,40,63.81041193008423
letter,medium,300,sha,4,4,0.9509456671835632,40,43.63056778907776
letter,medium,300,sha,5,5,0.9511691518244746,40,74.81887125968933
letter,medium,300,sha,6,6,0.957316209630962,40,63.24009323120117
letter,medium,300,sha,7,7,0.950590984134197,40,52.954997062683105
letter,medium,300,sha,8,8,0.9546906068979274,40,71.52280592918396
letter,medium,300,sha,9,9,0.9552640345899238,40,44.792892932891846
letter,medium,300,hyperband,0,0,0.9637342805386744,206,236.298850774765
letter,medium,300,hyperband,1,1,0.9612002166027462,205,302.6733980178833
letter,medium,300,hyperband,2,2,0.9624875679435982,206,278.3585069179535
letter,medium,300,hyperband,3,3,0.958646822172549,206,269.60687589645386
letter,medium,300,hyperband,4,4,0.9610010288650932,206,270.8809530735016
letter,medium,300,hyperband,5,5,0.9587543915884874,206,238.11815786361697
letter,medium,300,hyperband,6,6,0.9602127747992528,206,236.9268100261688
letter,medium,300,hyperband,7,7,0.9579376073349428,206,245.13325119018555
letter,medium,300,hyperband,8,8,0.9584266755886488,206,283.4732918739319
letter,medium,300,hyperband,9,9,0.9565763772718447,206,277.98038506507874
letter,high,600,random_search,0,0,0.9637342805386744,55,584.1436228752136
letter,high,600,random_search,1,1,0.9587774585547818,53,572.1323001384735
letter,high,600,random_search,2,2,0.9563811053362336,51,582.3464901447296
letter,high,600,random_search,3,3,0.9599007878811088,56,573.9828948974609
letter,high,600,random_search,4,4,0.9627532458960136,50,582.3969240188599
letter,high,600,random_search,5,5,0.9588779381943208,58,582.332034111023
letter,high,600,random_search,6,6,0.9581484465614452,53,592.7543711662292
letter,high,600,random_search,7,7,0.9576282924167456,70,573.8814799785614
letter,high,600,random_search,8,8,0.958671173910152,66,570.7237360477448
letter,high,600,random_search,9,9,0.9602265982540444,63,586.0638489723206
letter,high,600,sha,0,0,0.9637342805386744,40,65.74384593963623
letter,high,600,sha,1,1,0.9573851332619756,40,44.113271951675415
letter,high,600,sha,2,2,0.9532232291657294,40,35.041937828063965
letter,high,600,sha,3,3,0.948251206818998,40,64.10102605819702
letter,high,600,sha,4,4,0.9509456671835632,40,43.50833082199097
letter,high,600,sha,5,5,0.9511691518244746,40,74.95314621925354
letter,high,600,sha,6,6,0.957316209630962,40,63.11780309677124
letter,high,600,sha,7,7,0.950590984134197,40,52.84142470359802
letter,high,600,sha,8,8,0.9546906068979274,40,71.45941805839539
letter,high,600,sha,9,9,0.9552640345899238,40,44.7476589679718
letter,high,600,hyperband,0,0,0.9637342805386744,206,236.07680201530457
letter,high,600,hyperband,1,1,0.9612002166027462,206,307.01264119148254
letter,high,600,hyperband,2,2,0.9624875679435982,206,278.33810114860535
letter,high,600,hyperband,3,3,0.958646822172549,206,269.46839809417725
letter,high,600,hyperband,4,4,0.9610010288650932,206,270.825315952301
letter,high,600,hyperband,5,5,0.9587543915884874,206,237.9787938594818
letter,high,600,hyperband,6,6,0.9602127747992528,206,236.98873710632324
letter,high,600,hyperband,7,7,0.9579376073349428,206,245.14346075057983
letter,high,600,hyperband,8,8,0.9584266755886488,206,282.9850172996521
letter,high,600,hyperband,9,9,0.9565763772718447,206,277.7408127784729
covertype,very_low,60,random_search,0,0,0.2622661186784589,1,59.30570077896118
covertype,very_low,60,random_search,1,1,0.6630539774214457,1,110.6314160823822
covertype,very_low,60,random_search,2,2,0.1950954675808716,1,78.34682869911194
covertype,very_low,60,random_search,3,3,0.4141355898479677,2,69.92712807655334
covertype,very_low,60,random_search,4,4,0.1268153052695033,2,160.91313099861145
covertype,very_low,60,random_search,5,5,0.0936498998930061,1,116.14711809158324
covertype,very_low,60,random_search,6,6,0.5881157199090895,1,99.0761239528656
covertype,very_low,60,random_search,7,7,0.3749221363835627,2,82.05945611000061
covertype,very_low,60,random_search,8,8,0.4876952457739235,2,86.91092586517334
covertype,very_low,60,random_search,9,9,0.4876952457739235,2,146.24924325942993
covertype,very_low,60,sha,0,0,0.2622661186784589,1,63.473304271698
covertype,very_low,60,sha,1,1,0.6630539774214457,1,137.74599194526672
covertype,very_low,60,sha,2,2,0.1950954675808716,1,91.77084016799928
covertype,very_low,60,sha,3,3,0.4141355898479677,2,71.10801410675049
covertype,very_low,60,sha,4,4,0.1268153052695033,2,168.4516727924347
covertype,very_low,60,sha,5,5,0.0936498998930061,1,123.82469820976256
covertype,very_low,60,sha,6,6,0.5881157199090895,1,113.54388189315796
covertype,very_low,60,sha,7,7,0.3749221363835627,2,80.67656111717224
covertype,very_low,60,sha,8,8,0.4876952457739235,2,88.08354091644287
covertype,very_low,60,sha,9,9,0.4876952457739235,2,152.18325018882751
covertype,very_low,60,hyperband,0,0,0.2622661186784589,1,64.38138628005981
covertype,very_low,60,hyperband,1,1,0.6630539774214457,1,143.58129692077637
covertype,very_low,60,hyperband,2,2,0.1950954675808716,1,91.0016679763794
covertype,very_low,60,hyperband,3,3,0.4141355898479677,2,71.84968113899231
covertype,very_low,60,hyperband,4,4,0.1268153052695033,2,183.991681098938
covertype,very_low,60,hyperband,5,5,0.0936498998930061,1,141.2505431175232
covertype,very_low,60,hyperband,6,6,0.5881157199090895,1,113.06542801856996
covertype,very_low,60,hyperband,7,7,0.3749221363835627,2,80.79509902000427
covertype,very_low,60,hyperband,8,8,0.4876952457739235,2,94.47304391860962
covertype,very_low,60,hyperband,9,9,0.4876952457739235,2,166.74962282180786
covertype,low,120,random_search,0,0,0.6630539774214457,2,184.62174010276792
covertype,low,120,random_search,1,1,0.6630539774214457,1,120.685932636261
covertype,low,120,random_search,2,2,0.4141355898479677,2,108.233478307724
covertype,low,120,random_search,3,3,0.4141355898479677,3,197.6730809211731
covertype,low,120,random_search,4,4,0.1268153052695033,2,169.9931149482727
covertype,low,120,random_search,5,5,0.0936498998930061,1,126.5695459842682
covertype,low,120,random_search,6,6,0.5881157199090895,2,134.06346893310547
covertype,low,120,random_search,7,7,0.4876952457739235,3,121.568039894104
covertype,low,120,random_search,8,8,0.4876952457739235,3,203.76368808746335
covertype,low,120,random_search,9,9,0.4876952457739235,2,155.2397539615631
covertype,low,120,sha,0,0,0.6630539774214457,2,176.70591497421265
covertype,low,120,sha,1,1,0.6630539774214457,2,192.74599385261536
covertype,low,120,sha,2,2,0.4141355898479677,3,150.4143421649933
covertype,low,120,sha,3,3,0.4141355898479677,3,198.10096979141235
covertype,low,120,sha,4,4,0.1268153052695033,2,168.25747108459473
covertype,low,120,sha,5,5,0.0936498998930061,1,1464.9930412769318
covertype,low,120,sha,6,6,0.5881157199090895,2,136.26195096969604
covertype,low,120,sha,7,7,0.4876952457739235,3,126.09978485107422
covertype,low,120,sha,8,8,0.4876952457739235,3,224.34216594696045
covertype,low,120,sha,9,9,0.4876952457739235,2,159.44491600990295
covertype,low,120,hyperband,0,0,0.6630539774214457,2,176.19757175445557
covertype,low,120,hyperband,1,1,0.6630539774214457,1,120.64999389648438
covertype,low,120,hyperband,2,2,0.4141355898479677,3,152.21135783195496
covertype,low,120,hyperband,3,3,0.4141355898479677,3,194.93541979789737
covertype,low,120,hyperband,4,4,0.1268153052695033,2,167.20055389404297
covertype,low,120,hyperband,5,5,0.0936498998930061,1,124.965922832489
covertype,low,120,hyperband,6,6,0.5881157199090895,2,134.02828431129456
covertype,low,120,hyperband,7,7,0.4876952457739235,4,159.85533905029297
covertype,low,120,hyperband,8,8,0.4876952457739235,3,216.10948991775513
covertype,low,120,hyperband,9,9,0.4876952457739235,2,168.25167107582092
covertype,medium,300,random_search,0,0,0.6630539774214457,3,291.4645309448242
covertype,medium,300,random_search,1,1,0.6630539774214457,4,294.1394181251526
covertype,medium,300,random_search,2,2,0.4141355898479677,4,486.01351714134216
covertype,medium,300,random_search,3,3,0.4141355898479677,3,383.2492091655731
covertype,medium,300,random_search,4,4,0.1268153052695033,2,294.68830013275146
covertype,medium,300,random_search,5,5,0.5881157199090895,2,331.1590871810913
covertype,medium,300,random_search,6,6,0.5881157199090895,4,296.07671880722046
covertype,medium,300,random_search,7,7,0.4876952457739235,4,314.7950339317322
covertype,medium,300,random_search,8,8,0.4876952457739235,3,292.5205190181732
covertype,medium,300,random_search,9,9,0.4876952457739235,3,355.80857706069946
covertype,medium,300,sha,0,0,0.6630539774214457,5,316.6059069633484
covertype,medium,300,sha,1,1,0.6630539774214457,5,437.71054911613464
covertype,medium,300,sha,2,2,0.5881157199090895,5,408.09489822387695
covertype,medium,300,sha,3,3,0.5881157199090895,4,328.46411395072937
covertype,medium,300,sha,4,4,0.5881157199090895,3,305.4352707862854
covertype,medium,300,sha,5,5,0.5881157199090895,3,300.6220281124115
covertype,medium,300,sha,6,6,0.5881157199090895,5,377.1780071258545
covertype,medium,300,sha,7,7,0.4876952457739235,5,363.14916920661926
covertype,medium,300,sha,8,8,0.4876952457739235,4,329.2415862083435
covertype,medium,300,sha,9,9,0.4876952457739235,4,469.47989678382874
covertype,medium,300,hyperband,0,0,0.6630539774214457,4,375.09701204299927
covertype,medium,300,hyperband,1,1,0.6630539774214457,4,348.0450859069824
covertype,medium,300,hyperband,2,2,0.5881157199090895,6,321.741357088089
covertype,medium,300,hyperband,3,3,0.4141355898479677,6,313.77818608283997
covertype,medium,300,hyperband,4,4,0.5881157199090895,4,412.54572892189026
covertype,medium,300,hyperband,5,5,0.5881157199090895,4,393.9916751384735
covertype,medium,300,hyperband,6,6,0.5881157199090895,4,304.13970017433167
covertype,medium,300,hyperband,7,7,0.4876952457739235,6,502.39050793647766
covertype,medium,300,hyperband,8,8,0.4876952457739235,5,487.95538568496704
covertype,medium,300,hyperband,9,9,0.4876952457739235,3,330.17650508880615
covertype,high,600,random_search,0,0,0.6630539774214457,7,667.2307708263397
covertype,high,600,random_search,1,1,0.6630539774214457,6,611.8346350193024
covertype,high,600,random_search,2,2,0.5881157199090895,7,571.8014919757843
covertype,high,600,random_search,3,3,0.5881157199090895,8,569.1564948558807
covertype,high,600,random_search,4,4,0.5881157199090895,8,620.4664001464844
covertype,high,600,random_search,5,5,0.5881157199090895,7,592.5255918502808
covertype,high,600,random_search,6,6,0.5881157199090895,7,677.8530449867249
covertype,high,600,random_search,7,7,0.4876952457739235,6,565.4931330680847
covertype,high,600,random_search,8,8,0.4876952457739235,5,547.9631628990173
covertype,high,600,random_search,9,9,0.5312696919940098,6,544.959046125412
covertype,high,600,sha,0,0,0.6630539774214457,7,601.8432252407074
covertype,high,600,sha,1,1,0.6630539774214457,8,616.7982199192047
covertype,high,600,sha,2,2,0.5881157199090895,9,656.3681328296661
covertype,high,600,sha,3,3,0.5881157199090895,9,701.4037981033325
covertype,high,600,sha,4,4,0.5881157199090895,8,613.9370491504669
covertype,high,600,sha,5,5,0.5881157199090895,8,753.1397399902344
covertype,high,600,sha,6,6,0.5881157199090895,7,664.1316139698029
covertype,high,600,sha,7,7,0.5312696919940098,8,629.3753752708435
covertype,high,600,sha,8,8,0.6284482494178292,8,646.8318991661072
covertype,high,600,sha,9,9,0.6284482494178292,7,600.9946970939636
covertype,high,600,hyperband,0,0,0.6630539774214457,7,701.7590100765228
covertype,high,600,hyperband,1,1,0.6630539774214457,6,612.6294918060303
covertype,high,600,hyperband,2,2,0.5881157199090895,10,683.0279288291931
covertype,high,600,hyperband,3,3,0.4876952457739235,9,613.211462020874
covertype,high,600,hyperband,4,4,0.5881157199090895,8,690.4898760318756
covertype,high,600,hyperband,5,5,0.5881157199090895,7,634.1211540699005
covertype,high,600,hyperband,6,6,0.5881157199090895,7,781.4385008811951
covertype,high,600,hyperband,7,7,0.6284482494178292,9,611.453330039978
covertype,high,600,hyperband,8,8,0.7024507411472722,9,759.8273160457611
covertype,high,600,hyperband,9,9,0.7024507411472722,8,656.5712130069733
bank,very_low,60,random_search,0,0,0.7425339316061678,5,68.05850386619568
bank,very_low,60,random_search,1,1,0.7308131563855484,3,82.60072183609009
bank,very_low,60,random_search,2,2,0.7108605735832846,6,59.89938187599182
bank,very_low,60,random_search,3,3,0.7074963605835419,2,66.60287284851074
bank,very_low,60,random_search,4,4,0.7101600682092023,5,75.63270878791809
bank,very_low,60,random_search,5,5,0.7175533931624379,5,74.70926880836487
bank,very_low,60,random_search,6,6,0.7054138950108976,2,60.463419914245605
bank,very_low,60,random_search,7,7,0.7248680219166671,6,64.5581922531128
bank,very_low,60,random_search,8,8,0.7156269627831654,4,58.80561518669128
bank,very_low,60,random_search,9,9,0.7225356263602981,3,59.6168749332428
bank,very_low,60,sha,0,0,0.7345247172202631,40,37.83872199058533
bank,very_low,60,sha,1,1,0.7302504489867463,40,39.72635197639465
bank,very_low,60,sha,2,2,0.7320059972539367,40,33.6447069644928
bank,very_low,60,sha,3,3,0.7288997261373623,40,36.58519506454468
bank,very_low,60,sha,4,4,0.7317383822667218,40,55.34414720535278
bank,very_low,60,sha,5,5,0.7411637632528202,40,48.75347304344177
bank,very_low,60,sha,6,6,0.7379106371996008,40,32.490214109420776
bank,very_low,60,sha,7,7,0.7319688024681236,40,27.681386947631836
bank,very_low,60,sha,8,8,0.7334396392247043,40,58.27722382545471
bank,very_low,60,sha,9,9,0.7335599493091025,40,34.69889307022095
bank,very_low,60,hyperband,0,0,0.72870766385912,120,60.993589878082275
bank,very_low,60,hyperband,1,1,0.7244603171196315,121,72.59477090835571
bank,very_low,60,hyperband,2,2,0.7336838966668439,133,60.53626608848572
bank,very_low,60,hyperband,3,3,0.7288997261373623,127,60.55212712287903
bank,very_low,60,hyperband,4,4,0.7343410724866363,137,60.027397871017456
bank,very_low,60,hyperband,5,5,0.7311638463172422,118,68.6852478981018
bank,very_low,60,hyperband,6,6,0.7355172326851847,118,64.12173104286194
bank,very_low,60,hyperband,7,7,0.7292889244041505,119,70.2361569404602
bank,very_low,60,hyperband,8,8,0.7334396392247043,120,67.91311311721802
bank,very_low,60,hyperband,9,9,0.7400717355426244,118,61.106014251708984
bank,low,120,random_search,0,0,0.7425339316061678,7,136.42248558998108
bank,low,120,random_search,1,1,0.7308131563855484,7,115.6222472190857
bank,low,120,random_search,2,2,0.7108605735832846,10,156.06835508346558
bank,low,120,random_search,3,3,0.7159303358670451,5,117.827819108963
bank,low,120,random_search,4,4,0.7101600682092023,7,129.2124388217926
bank,low,120,random_search,5,5,0.7504734448750993,9,121.42693209648132
bank,low,120,random_search,6,6,0.7217806735940586,5,114.11892199516296
bank,low,120,random_search,7,7,0.7248680219166671,10,118.96348214149477
bank,low,120,random_search,8,8,0.7193868955225063,9,152.50647902488708
bank,low,120,random_search,9,9,0.7358855904270963,6,121.19658708572388
bank,low,120,sha,0,0,0.7345247172202631,40,38.665388107299805
bank,low,120,sha,1,1,0.7302504489867463,40,40.067668199539185
bank,low,120,sha,2,2,0.7320059972539367,40,34.60455012321472
bank,low,120,sha,3,3,0.7288997261373623,40,37.95491814613342
bank,low,120,sha,4,4,0.7317383822667218,40,56.57121205329895
bank,low,120,sha,5,5,0.7411637632528202,40,49.8478889465332
bank,low,120,sha,6,6,0.7379106371996008,40,32.9687397480011
bank,low,120,sha,7,7,0.7319688024681236,40,28.320433139801025
bank,low,120,sha,8,8,0.7334396392247043,40,58.55116009712219
bank,low,120,sha,9,9,0.7335599493091025,40,34.44122505187988
bank,low,120,hyperband,0,0,0.7304363391242742,169,121.87639307975768
bank,low,120,hyperband,1,1,0.7311095311998428,170,148.9956820011139
bank,low,120,hyperband,2,2,0.7336838966668439,183,120.89093828201294
bank,low,120,hyperband,3,3,0.7288997261373623,170,124.11945390701294
bank,low,120,hyperband,4,4,0.7431132963593358,175,120.36231994628906
bank,low,120,hyperband,5,5,0.7382135600571696,169,128.3531470298767
bank,low,120,hyperband,6,6,0.7379106371996008,173,120.17400979995728
bank,low,120,hyperband,7,7,0.7350722395937561,163,120.52013897895812
bank,low,120,hyperband,8,8,0.7334396392247043,163,121.15413093566896
bank,low,120,hyperband,9,9,0.7400717355426244,160,121.2471799850464
bank,medium,300,random_search,0,0,0.7425339316061678,14,287.2617197036743
bank,medium,300,random_search,1,1,0.743731317149014,21,300.17016983032227
bank,medium,300,random_search,2,2,0.7149614797754534,19,293.0104320049286
bank,medium,300,random_search,3,3,0.7215503548574729,21,319.7983341217041
bank,medium,300,random_search,4,4,0.7231591119073592,19,288.05611395835876
bank,medium,300,random_search,5,5,0.7504734448750993,21,293.8208658695221
bank,medium,300,random_search,6,6,0.7217806735940586,21,285.6365599632263
bank,medium,300,random_search,7,7,0.7248680219166671,20,295.89795088768005
bank,medium,300,random_search,8,8,0.7218204310806989,23,287.41281509399414
bank,medium,300,random_search,9,9,0.7358855904270963,16,302.2702839374542
bank,medium,300,sha,0,0,0.7345247172202631,40,38.59172606468201
bank,medium,300,sha,1,1,0.7302504489867463,40,38.87845015525818
bank,medium,300,sha,2,2,0.7320059972539367,40,34.46903991699219
bank,medium,300,sha,3,3,0.7288997261373623,40,36.88001775741577
bank,medium,300,sha,4,4,0.7317383822667218,40,55.58030915260315
bank,medium,300,sha,5,5,0.7411637632528202,40,49.629799127578735
bank,medium,300,sha,6,6,0.7379106371996008,40,32.37706017494202
bank,medium,300,sha,7,7,0.7319688024681236,40,28.082419395446777
bank,medium,300,sha,8,8,0.7334396392247043,40,59.01027989387512
bank,medium,300,sha,9,9,0.7335599493091025,40,34.778345823287964
bank,medium,300,hyperband,0,0,0.7496421618655241,206,261.1116769313812
bank,medium,300,hyperband,1,1,0.7378717709237437,206,280.4247443675995
bank,medium,300,hyperband,2,2,0.7364790239749258,206,209.6835231781006
bank,medium,300,hyperband,3,3,0.7404210060972529,206,232.13322806358337
bank,medium,300,hyperband,4,4,0.7431132963593358,206,281.2605969905853
bank,medium,300,hyperband,5,5,0.740432694212615,206,303.6725733280182
bank,medium,300,hyperband,6,6,0.7379106371996008,206,285.49757409095764
bank,medium,300,hyperband,7,7,0.7396752612800586,206,274.38828206062317
bank,medium,300,hyperband,8,8,0.7434387601845843,206,243.2560179233551
bank,medium,300,hyperband,9,9,0.7400717355426244,206,303.73288202285767
bank,high,600,random_search,0,0,0.7425339316061678,32,586.3173780441284
bank,high,600,random_search,1,1,0.743731317149014,42,570.1633780002594
bank,high,600,random_search,2,2,0.7222332557137343,36,581.2266187667847
bank,high,600,random_search,3,3,0.7215503548574729,33,574.4705111980438
bank,high,600,random_search,4,4,0.7546110567074549,41,572.4640028476715
bank,high,600,random_search,5,5,0.7504734448750993,38,571.2093079090118
bank,high,600,random_search,6,6,0.742184475160168,34,571.8602857589722
bank,high,600,random_search,7,7,0.7394148156376423,36,583.9159798622131
bank,high,600,random_search,8,8,0.7398265295138517,46,574.8481132984161
bank,high,600,random_search,9,9,0.7406388693829761,35,647.4112570285797
bank,high,600,sha,0,0,0.7345247172202631,40,38.385592222213745
bank,high,600,sha,1,1,0.7302504489867463,40,39.4893319606781
bank,high,600,sha,2,2,0.7320059972539367,40,34.609801054000854
bank,high,600,sha,3,3,0.7288997261373623,40,36.74777913093567
bank,high,600,sha,4,4,0.7317383822667218,40,56.65211486816406
bank,high,600,sha,5,5,0.7411637632528202,40,48.45235300064087
bank,high,600,sha,6,6,0.7379106371996008,40,33.167399168014526
bank,high,600,sha,7,7,0.7319688024681236,40,28.194818019866943
bank,high,600,sha,8,8,0.7334396392247043,40,58.355034828186035
bank,high,600,sha,9,9,0.7335599493091025,40,33.93654417991638
bank,high,600,hyperband,0,0,0.7496421618655241,206,260.1153528690338
bank,high,600,hyperband,1,1,0.7378717709237437,206,280.3242201805115
bank,high,600,hyperband,2,2,0.7364790239749258,206,208.1186821460724
bank,high,600,hyperband,3,3,0.7404210060972529,206,229.51034688949585
bank,high,600,hyperband,4,4,0.7431132963593358,206,280.7597482204437
bank,high,600,hyperband,5,5,0.740432694212615,206,301.9744219779968
bank,high,600,hyperband,6,6,0.7379106371996008,206,285.9681680202484
bank,high,600,hyperband,7,7,0.7396752612800586,206,276.0720160007477
bank,high,600,hyperband,8,8,0.7434387601845843,206,242.1748957633972
bank,high,600,hyperband,9,9,0.7400717355426244,206,304.0424978733063
shuttle,very_low,60,random_search,0,0,0.8186238873376648,7,69.00893306732178
shuttle,very_low,60,random_search,1,1,0.8742101037487943,11,61.255106925964355
shuttle,very_low,60,random_search,2,2,0.900950661933186,11,58.21793818473816
shuttle,very_low,60,random_search,3,3,0.8735493053354597,9,64.25256109237671
shuttle,very_low,60,random_search,4,4,0.8645183888399454,7,71.74616503715515
shuttle,very_low,60,random_search,5,5,0.8699286756928589,7,63.70393705368042
shuttle,very_low,60,random_search,6,6,0.8567360003581864,9,57.664268016815186
shuttle,very_low,60,random_search,7,7,0.9037348673453636,10,57.30924916267395
shuttle,very_low,60,random_search,8,8,0.8799128830079962,9,75.29798579216003
shuttle,very_low,60,random_search,9,9,0.9093310047129256,6,60.82278490066528
shuttle,very_low,60,sha,0,0,0.8421405820159477,40,37.64497399330139
shuttle,very_low,60,sha,1,1,0.8902196169303204,40,41.55803990364075
shuttle,very_low,60,sha,2,2,0.8948049230222036,40,48.80294609069824
shuttle,very_low,60,sha,3,3,0.8269046831615884,40,47.41772985458374
shuttle,very_low,60,sha,4,4,0.8218992029848365,40,74.19381189346313
shuttle,very_low,60,sha,5,5,0.8594058895337789,40,69.50044918060303
shuttle,very_low,60,sha,6,6,0.8684745209196124,40,45.96125602722168
shuttle,very_low,60,sha,7,7,0.8920213556502441,40,35.838521003723145
shuttle,very_low,60,sha,8,8,0.8452598004284427,40,31.49335289001465
shuttle,very_low,60,sha,9,9,0.810916270945414,40,51.34799671173096
shuttle,very_low,60,hyperband,0,0,0.8271222212090347,119,63.429985761642456
shuttle,very_low,60,hyperband,1,1,0.8293510641490269,119,66.82424688339233
shuttle,very_low,60,hyperband,2,2,0.8679964434464066,119,61.44396901130676
shuttle,very_low,60,hyperband,3,3,0.8269046831615884,121,61.35164499282837
shuttle,very_low,60,hyperband,4,4,0.8583710581033293,123,60.183404207229614
shuttle,very_low,60,hyperband,5,5,0.8259642925428228,120,60.117919921875
shuttle,very_low,60,hyperband,6,6,0.8449760589162268,120,61.716224193573
shuttle,very_low,60,hyperband,7,7,0.8233539517495553,120,66.19718813896179
shuttle,very_low,60,hyperband,8,8,0.8194257476474349,118,64.07559418678284
shuttle,very_low,60,hyperband,9,9,0.851041925601029,120,73.50785493850708
shuttle,low,120,random_search,0,0,0.8664046459084358,13,114.248881816864
shuttle,low,120,random_search,1,1,0.8902196169303204,21,117.23977494239809
shuttle,low,120,random_search,2,2,0.900950661933186,19,122.86961007118224
shuttle,low,120,random_search,3,3,0.8735493053354597,18,115.02945280075072
shuttle,low,120,random_search,4,4,0.8863498266947412,14,120.26191902160645
shuttle,low,120,random_search,5,5,0.8976341049092472,15,114.48071193695068
shuttle,low,120,random_search,6,6,0.8723640995158138,15,116.7258050441742
shuttle,low,120,random_search,7,7,0.9037348673453636,18,129.22257566452026
shuttle,low,120,random_search,8,8,0.8799128830079962,20,122.3695809841156
shuttle,low,120,random_search,9,9,0.9093310047129256,13,114.65124797821044
shuttle,low,120,sha,0,0,0.8421405820159477,40,38.62918496131897
shuttle,low,120,sha,1,1,0.8902196169303204,40,41.06017470359802
shuttle,low,120,sha,2,2,0.8948049230222036,40,47.92249393463135
shuttle,low,120,sha,3,3,0.8269046831615884,40,47.67994785308838
shuttle,low,120,sha,4,4,0.8218992029848365,40,74.28184723854065
shuttle,low,120,sha,5,5,0.8594058895337789,40,69.74821591377258
shuttle,low,120,sha,6,6,0.8684745209196124,40,45.57529902458191
shuttle,low,120,sha,7,7,0.8920213556502441,40,36.25100326538086
shuttle,low,120,sha,8,8,0.8452598004284427,40,31.89749503135681
shuttle,low,120,sha,9,9,0.810916270945414,40,50.58189535140991
shuttle,low,120,hyperband,0,0,0.8882129845659176,170,126.58090806007384
shuttle,low,120,hyperband,1,1,0.8293510641490269,169,126.4712619781494
shuttle,low,120,hyperband,2,2,0.8679964434464066,168,122.41198992729188
shuttle,low,120,hyperband,3,3,0.8574251006563571,183,121.1719241142273
shuttle,low,120,hyperband,4,4,0.8583710581033293,179,122.25202822685242
shuttle,low,120,hyperband,5,5,0.865416400710053,170,124.77655291557312
shuttle,low,120,hyperband,6,6,0.8684745209196124,179,120.5562138557434
shuttle,low,120,hyperband,7,7,0.8503187643424609,170,127.89950323104858
shuttle,low,120,hyperband,8,8,0.8516496539529133,169,123.69143509864809
shuttle,low,120,hyperband,9,9,0.9204197549215326,143,120.09980273246764
shuttle,medium,300,random_search,0,0,0.8775321560314454,39,297.28869891166687
shuttle,medium,300,random_search,1,1,0.9208912428833776,47,294.05263590812683
shuttle,medium,300,random_search,2,2,0.901833456263525,43,285.5002610683441
shuttle,medium,300,random_search,3,3,0.8925057911705179,42,295.56395506858826
shuttle,medium,300,random_search,4,4,0.8863498266947412,38,286.02403569221497
shuttle,medium,300,random_search,5,5,0.8976341049092472,38,285.6678159236908
shuttle,medium,300,random_search,6,6,0.8723640995158138,34,287.2324938774109
shuttle,medium,300,random_search,7,7,0.9037348673453636,35,285.1992518901825
shuttle,medium,300,random_search,8,8,0.8830321882064073,47,295.87195897102356
shuttle,medium,300,random_search,9,9,0.9204197549215326,40,292.7380220890045
shuttle,medium,300,sha,0,0,0.8421405820159477,40,38.61379885673523
shuttle,medium,300,sha,1,1,0.8902196169303204,40,41.854450941085815
shuttle,medium,300,sha,2,2,0.8948049230222036,40,47.93531918525696
shuttle,medium,300,sha,3,3,0.8269046831615884,40,47.56904101371765
shuttle,medium,300,sha,4,4,0.8218992029848365,40,74.29318380355835
shuttle,medium,300,sha,5,5,0.8594058895337789,40,69.81103014945984
shuttle,medium,300,sha,6,6,0.8684745209196124,40,45.63339591026306
shuttle,medium,300,sha,7,7,0.8920213556502441,40,36.68461084365845
shuttle,medium,300,sha,8,8,0.8452598004284427,40,31.380172967910767
shuttle,medium,300,sha,9,9,0.810916270945414,40,50.861993074417114
shuttle,medium,300,hyperband,0,0,0.8882129845659176,206,222.9153208732605
shuttle,medium,300,hyperband,1,1,0.8752074663266991,206,250.0771768093109
shuttle,medium,300,hyperband,2,2,0.8793690114350006,206,243.8972361087799
shuttle,medium,300,hyperband,3,3,0.8990297188066791,206,219.7551097869873
shuttle,medium,300,hyperband,4,4,0.882111945933801,206,239.9781498908997
shuttle,medium,300,hyperband,5,5,0.8971702847878037,206,284.61388874053955
shuttle,medium,300,hyperband,6,6,0.8716132664161317,206,286.3335750102997
shuttle,medium,300,hyperband,7,7,0.8919682471339311,206,237.40875434875488
shuttle,medium,300,hyperband,8,8,0.8634442624205946,206,224.5713758468628
shuttle,medium,300,hyperband,9,9,0.9204197549215326,206,281.19872999191284
shuttle,high,600,random_search,0,0,0.9043414164415416,73,595.2577981948853
shuttle,high,600,random_search,1,1,0.9208912428833776,78,571.8273370265961
shuttle,high,600,random_search,2,2,0.9100016569430932,88,575.602786064148
shuttle,high,600,random_search,3,3,0.9071329611620128,77,596.0113348960876
shuttle,high,600,random_search,4,4,0.9182201838919972,86,584.8648281097412
shuttle,high,600,random_search,5,5,0.901580437104288,64,586.5497636795044
shuttle,high,600,random_search,6,6,0.9104848823507726,77,575.8804447650909
shuttle,high,600,random_search,7,7,0.9082128333817336,72,582.4552099704742
shuttle,high,600,random_search,8,8,0.904649705532305,78,574.0336430072784
shuttle,high,600,random_search,9,9,0.9204197549215326,85,572.4699833393097
shuttle,high,600,sha,0,0,0.8421405820159477,40,38.68576407432556
shuttle,high,600,sha,1,1,0.8902196169303204,40,42.04725003242493
shuttle,high,600,sha,2,2,0.8948049230222036,40,48.23368287086487
shuttle,high,600,sha,3,3,0.8269046831615884,40,47.55999493598938
shuttle,high,600,sha,4,4,0.8218992029848365,40,73.95684003829956
shuttle,high,600,sha,5,5,0.8594058895337789,40,71.47590923309326
shuttle,high,600,sha,6,6,0.8684745209196124,40,46.55321002006531
shuttle,high,600,sha,7,7,0.8920213556502441,40,36.92949986457825
shuttle,high,600,sha,8,8,0.8452598004284427,40,32.408674240112305
shuttle,high,600,sha,9,9,0.810916270945414,40,51.05113983154297
shuttle,high,600,hyperband,0,0,0.8882129845659176,206,223.99508595466617
shuttle,high,600,hyperband,1,1,0.8752074663266991,206,250.74504709243777
shuttle,high,600,hyperband,2,2,0.8793690114350006,206,246.87950706481936
shuttle,high,600,hyperband,3,3,0.8990297188066791,206,222.02463579177856
shuttle,high,600,hyperband,4,4,0.882111945933801,206,245.5166459083557
shuttle,high,600,hyperband,5,5,0.8971702847878037,206,280.25585198402405
shuttle,high,600,hyperband,6,6,0.8716132664161317,206,285.4413239955902
shuttle,high,600,hyperband,7,7,0.8919682471339311,206,236.06782126426697
shuttle,high,600,hyperband,8,8,0.8634442624205946,206,224.18414735794067
shuttle,high,600,hyperband,9,9,0.9204197549215326,206,280.44406819343567
creditcard,very_low,60,random_search,0,0,0.9112463208863576,10,61.849427938461304
creditcard,very_low,60,random_search,1,1,0.9176614515930296,17,59.311612367630005
creditcard,very_low,60,random_search,2,2,0.9172891446836626,12,59.63635993003845
creditcard,very_low,60,random_search,3,3,0.9245859598133358,17,58.771260261535645
creditcard,very_low,60,random_search,4,4,0.915569570167125,12,57.3799409866333
creditcard,very_low,60,random_search,5,5,0.9149848250805136,13,61.913124084472656
creditcard,very_low,60,random_search,6,6,0.9283756946251298,11,68.11528396606445
creditcard,very_low,60,random_search,7,7,0.9287112754153763,18,64.47596788406372
creditcard,very_low,60,random_search,8,8,0.9208563535683773,15,58.99185585975647
creditcard,very_low,60,random_search,9,9,0.9057246628918216,7,64.03938627243042
creditcard,very_low,60,sha,0,0,0.9218776387546138,40,43.56255912780762
creditcard,very_low,60,sha,1,1,0.919132605870008,40,35.70004200935364
creditcard,very_low,60,sha,2,2,0.925174647139186,40,37.09947896003723
creditcard,very_low,60,sha,3,3,0.9259712289817612,40,38.31154012680054
creditcard,very_low,60,sha,4,4,0.9235769335724838,40,49.38578462600708
creditcard,very_low,60,sha,5,5,0.9250118584782508,40,49.12018799781799
creditcard,very_low,60,sha,6,6,0.9310133518458716,40,35.91231608390808
creditcard,very_low,60,sha,7,7,0.9189161561236876,40,31.661887884140015
creditcard,very_low,60,sha,8,8,0.9235934229954932,40,34.75071096420288
creditcard,very_low,60,sha,9,9,0.9225095513407472,40,45.63933277130127
creditcard,very_low,60,hyperband,0,0,0.9218776387546138,120,61.21845102310181
creditcard,very_low,60,hyperband,1,1,0.925174647139186,121,60.84647083282471
creditcard,very_low,60,hyperband,2,2,0.925174647139186,125,60.0015869140625
creditcard,very_low,60,hyperband,3,3,0.9217148500936788,120,63.166600942611694
creditcard,very_low,60,hyperband,4,4,0.9187336879087028,118,66.50804805755615
creditcard,very_low,60,hyperband,5,5,0.9250118584782508,112,60.02581310272217
creditcard,very_low,60,hyperband,6,6,0.9250118584782508,121,62.26896119117737
creditcard,very_low,60,hyperband,7,7,0.925174647139186,120,61.01726794242859
creditcard,very_low,60,hyperband,8,8,0.928399762652568,118,61.457435846328735
creditcard,very_low,60,hyperband,9,9,0.9225095513407472,121,62.428290128707886
creditcard,low,120,random_search,0,0,0.9207912839219636,19,114.42760515213013
creditcard,low,120,random_search,1,1,0.9263360840336295,30,114.7202010154724
creditcard,low,120,random_search,2,2,0.9225095513407472,23,114.5545027256012
creditcard,low,120,random_search,3,3,0.9245859598133358,26,116.7552251815796
creditcard,low,120,random_search,4,4,0.915569570167125,20,114.42584013938904
creditcard,low,120,random_search,5,5,0.9259712289817612,27,115.95677995681764
creditcard,low,120,random_search,6,6,0.9283756946251298,20,115.28200006484984
creditcard,low,120,random_search,7,7,0.9287112754153763,29,126.56471705436708
creditcard,low,120,random_search,8,8,0.9208563535683773,26,115.4409317970276
creditcard,low,120,random_search,9,9,0.915569570167125,17,116.93088698387146
creditcard,low,120,sha,0,0,0.9218776387546138,40,44.041860818862915
creditcard,low,120,sha,1,1,0.919132605870008,40,35.6591010093689
creditcard,low,120,sha,2,2,0.925174647139186,40,36.239636182785034
creditcard,low,120,sha,3,3,0.9259712289817612,40,38.24913787841797
creditcard,low,120,sha,4,4,0.9235769335724838,40,48.51296305656433
creditcard,low,120,sha,5,5,0.9250118584782508,40,48.146430253982544
creditcard,low,120,sha,6,6,0.9310133518458716,40,35.89406704902649
creditcard,low,120,sha,7,7,0.9189161561236876,40,32.14500403404236
creditcard,low,120,sha,8,8,0.9235934229954932,40,34.25827407836914
creditcard,low,120,sha,9,9,0.9225095513407472,40,46.10767197608948
creditcard,low,120,hyperband,0,0,0.925102754267996,176,120.55884599685668
creditcard,low,120,hyperband,1,1,0.925174647139186,170,121.66285395622252
creditcard,low,120,hyperband,2,2,0.9315800184393525,183,120.71115803718568
creditcard,low,120,hyperband,3,3,0.925174647139186,180,121.109041929245
creditcard,low,120,hyperband,4,4,0.9240819826665084,170,130.4206600189209
creditcard,low,120,hyperband,5,5,0.9250118584782508,167,126.77864003181458
creditcard,low,120,hyperband,6,6,0.925102754267996,187,121.69644594192503
creditcard,low,120,hyperband,7,7,0.9262040899637344,178,120.66262984275818
creditcard,low,120,hyperband,8,8,0.9308186176420832,183,120.015300989151
creditcard,low,120,hyperband,9,9,0.928644368995177,184,120.1866660118103
creditcard,medium,300,random_search,0,0,0.9207912839219636,52,286.93714785575867
creditcard,medium,300,random_search,1,1,0.9263360840336295,61,287.47120428085327
creditcard,medium,300,random_search,2,2,0.925174647139186,62,291.9305770397186
creditcard,medium,300,random_search,3,3,0.9274303386856056,61,297.07541704177856
creditcard,medium,300,random_search,4,4,0.9308186176420832,59,287.6845557689667
creditcard,medium,300,random_search,5,5,0.9259712289817612,55,287.20092272758484
creditcard,medium,300,random_search,6,6,0.9283756946251298,49,285.8785328865051
creditcard,medium,300,random_search,7,7,0.9287112754153763,56,292.31273770332336
creditcard,medium,300,random_search,8,8,0.9208563535683773,57,300.8844509124756
creditcard,medium,300,random_search,9,9,0.925174647139186,52,285.62886595726013
creditcard,medium,300,sha,0,0,0.9218776387546138,40,42.48473000526428
creditcard,medium,300,sha,1,1,0.919132605870008,40,35.27909016609192
creditcard,medium,300,sha,2,2,0.925174647139186,40,37.11080694198608
creditcard,medium,300,sha,3,3,0.9259712289817612,40,38.29835510253906
creditcard,medium,300,sha,4,4,0.9235769335724838,40,50.0461061000824
creditcard,medium,300,sha,5,5,0.9250118584782508,40,48.161092042922974
creditcard,medium,300,sha,6,6,0.9310133518458716,40,35.06096601486206
creditcard,medium,300,sha,7,7,0.9189161561236876,40,31.013813972473145
creditcard,medium,300,sha,8,8,0.9235934229954932,40,34.20270609855652
creditcard,medium,300,sha,9,9,0.9225095513407472,40,45.587395668029785
creditcard,medium,300,hyperband,0,0,0.927947507922426,206,200.6122829914093
creditcard,medium,300,hyperband,1,1,0.9319413773797492,206,222.62753009796145
creditcard,medium,300,hyperband,2,2,0.9315800184393525,206,198.8526349067688
creditcard,medium,300,hyperband,3,3,0.925174647139186,206,202.34494185447693
creditcard,medium,300,hyperband,4,4,0.925174647139186,206,261.18922901153564
creditcard,medium,300,hyperband,5,5,0.9250118584782508,206,274.0024356842041
creditcard,medium,300,hyperband,6,6,0.925102754267996,206,224.7837986946106
creditcard,medium,300,hyperband,7,7,0.9265672494351928,206,196.58074712753296
creditcard,medium,300,hyperband,8,8,0.9308186176420832,206,190.82951092720032
creditcard,medium,300,hyperband,9,9,0.9319413773797492,206,207.47312211990356
creditcard,high,600,random_search,0,0,0.9227663136505968,99,573.3018910884857
creditcard,high,600,random_search,1,1,0.9263360840336295,106,570.8131520748138
creditcard,high,600,random_search,2,2,0.925174647139186,122,576.8809430599213
creditcard,high,600,random_search,3,3,0.9286361924131462,109,574.3301239013672
creditcard,high,600,random_search,4,4,0.9308186176420832,31,596.221568107605
creditcard,high,600,random_search,5,5,0.9149848250805136,13,674.8054311275482
creditcard,high,600,random_search,6,6,0.9283756946251298,9,575.3927810192108
creditcard,high,600,random_search,7,7,0.9287112754153763,16,582.8407008647919
creditcard,high,600,random_search,8,8,0.922934663348605,96,581.6433095932007
creditcard,high,600,random_search,9,9,0.925174647139186,108,571.3611488342285
creditcard,high,600,sha,0,0,0.9218776387546138,40,42.782639026641846
creditcard,high,600,sha,1,1,0.919132605870008,40,36.509408950805664
creditcard,high,600,sha,2,2,0.925174647139186,40,36.18122386932373
creditcard,high,600,sha,3,3,0.9259712289817612,40,38.293474197387695
creditcard,high,600,sha,4,4,0.9235769335724838,40,48.08978319168091
creditcard,high,600,sha,5,5,0.9250118584782508,40,48.65934896469116
creditcard,high,600,sha,6,6,0.9310133518458716,40,35.48764491081238
creditcard,high,600,sha,7,7,0.9189161561236876,40,31.886600017547607
creditcard,high,600,sha,8,8,0.9235934229954932,40,34.53878402709961
creditcard,high,600,sha,9,9,0.9225095513407472,40,45.40198874473572
creditcard,high,600,hyperband,0,0,0.927947507922426,206,201.1443767547607
creditcard,high,600,hyperband,1,1,0.9319413773797492,206,223.08465003967285
creditcard,high,600,hyperband,2,2,0.9315800184393525,206,198.46222496032715
creditcard,high,600,hyperband,3,3,0.925174647139186,206,202.06172585487369
creditcard,high,600,hyperband,4,4,0.925174647139186,206,261.0542628765106
creditcard,high,600,hyperband,5,5,0.9250118584782508,206,274.1607460975647
creditcard,high,600,hyperband,6,6,0.925102754267996,206,223.9429428577423
creditcard,high,600,hyperband,7,7,0.9265672494351928,206,196.3195869922638
creditcard,high,600,hyperband,8,8,0.9308186176420832,206,193.1404778957367
creditcard,high,600,hyperband,9,9,0.9319413773797492,206,205.18581700325012
pendigits,very_low,60,random_search,0,0,0.9938442298868476,25,57.31690692901611
pendigits,very_low,60,random_search,1,1,0.994194889796156,30,58.09881901741028
pendigits,very_low,60,random_search,2,2,0.9942875695362876,26,59.84287405014038
pendigits,very_low,60,random_search,3,3,0.994516257449546,26,57.357675075531006
pendigits,very_low,60,random_search,4,4,0.9940460380198696,20,60.18280601501465
pendigits,very_low,60,random_search,5,5,0.9935271000227732,24,57.358152866363525
pendigits,very_low,60,random_search,6,6,0.9942854407216316,29,60.28849697113037
pendigits,very_low,60,random_search,7,7,0.9939539506776076,24,60.106441259384155
pendigits,very_low,60,random_search,8,8,0.9944245669626618,29,60.7710862159729
pendigits,very_low,60,random_search,9,9,0.993816143725796,26,59.83704614639282
pendigits,very_low,60,sha,0,0,0.9937443270019478,40,10.078130960464478
pendigits,very_low,60,sha,1,1,0.9927104718095892,40,6.34390115737915
pendigits,very_low,60,sha,2,2,0.9931592890038644,40,11.808195114135742
pendigits,very_low,60,sha,3,3,0.992251411436691,40,6.588955879211426
pendigits,very_low,60,sha,4,4,0.9922619769614176,40,10.93870210647583
pendigits,very_low,60,sha,5,5,0.9916332497368264,40,10.878483772277832
pendigits,very_low,60,sha,6,6,0.9929288436849136,40,6.583732843399048
pendigits,very_low,60,sha,7,7,0.9928309864675348,40,7.851835966110229
pendigits,very_low,60,sha,8,8,0.9941822355832208,40,11.267863035202026
pendigits,very_low,60,sha,9,9,0.9935897484121688,40,11.327685117721558
pendigits,very_low,60,hyperband,0,0,0.9938272665313004,206,46.578315019607544
pendigits,very_low,60,hyperband,1,1,0.9936297766904882,204,64.79091811180115
pendigits,very_low,60,hyperband,2,2,0.9937108112086092,206,49.40269613265991
pendigits,very_low,60,hyperband,3,3,0.9944031096955462,206,52.8698091506958
pendigits,very_low,60,hyperband,4,4,0.9936112294268212,206,59.16898202896118
pendigits,very_low,60,hyperband,5,5,0.9943979760011727,203,62.11488103866577
pendigits,very_low,60,hyperband,6,6,0.9937248322154468,204,65.41542291641235
pendigits,very_low,60,hyperband,7,7,0.9933996522256164,206,62.04585123062134
pendigits,very_low,60,hyperband,8,8,0.9939454611573504,206,52.00082731246948
pendigits,very_low,60,hyperband,9,9,0.9948704339882442,206,56.102582931518555
pendigits,low,120,random_search,0,0,0.9938442298868476,51,117.54304194450378
pendigits,low,120,random_search,1,1,0.994194889796156,52,115.53790092468262
pendigits,low,120,random_search,2,2,0.9942875695362876,54,118.14047408103944
pendigits,low,120,random_search,3,3,0.994516257449546,45,118.5104911327362
pendigits,low,120,random_search,4,4,0.9940460380198696,50,115.61070394515993
pendigits,low,120,random_search,5,5,0.9937286973457704,44,119.6129071712494
pendigits,low,120,random_search,6,6,0.9944198931102916,53,114.90467190742493
pendigits,low,120,random_search,7,7,0.9946375783585872,41,114.88718700408936
pendigits,low,120,random_search,8,8,0.9949895613851298,54,115.73276996612547
pendigits,low,120,random_search,9,9,0.993816143725796,43,114.26817202568054
pendigits,low,120,sha,0,0,0.9937443270019478,40,10.078701972961426
pendigits,low,120,sha,1,1,0.9927104718095892,40,6.701819896697998
pendigits,low,120,sha,2,2,0.9931592890038644,40,12.010782957077026
pendigits,low,120,sha,3,3,0.992251411436691,40,6.958939075469971
pendigits,low,120,sha,4,4,0.9922619769614176,40,10.770467042922974
pendigits,low,120,sha,5,5,0.9916332497368264,40,11.547492980957031
pendigits,low,120,sha,6,6,0.9929288436849136,40,6.4647510051727295
pendigits,low,120,sha,7,7,0.9928309864675348,40,7.675056219100952
pendigits,low,120,sha,8,8,0.9941822355832208,40,11.214990854263306
pendigits,low,120,sha,9,9,0.9935897484121688,40,11.378936052322388
pendigits,low,120,hyperband,0,0,0.9938272665313004,206,46.512967109680176
pendigits,low,120,hyperband,1,1,0.9936297766904882,206,68.98881316184998
pendigits,low,120,hyperband,2,2,0.9937108112086092,206,50.279568910598755
pendigits,low,120,hyperband,3,3,0.9944031096955462,206,52.21427774429321
pendigits,low,120,hyperband,4,4,0.9936112294268212,206,58.71869993209839
pendigits,low,120,hyperband,5,5,0.9943979760011727,206,68.55237793922424
pendigits,low,120,hyperband,6,6,0.9937248322154468,206,68.2396879196167
pendigits,low,120,hyperband,7,7,0.9933996522256164,206,62.36531114578247
pendigits,low,120,hyperband,8,8,0.9939454611573504,206,52.027023792266846
pendigits,low,120,hyperband,9,9,0.9948704339882442,206,55.85237908363342
pendigits,medium,300,random_search,0,0,0.9940696141625978,114,287.0317051410675
pendigits,medium,300,random_search,1,1,0.994194889796156,107,288.079962015152
pendigits,medium,300,random_search,2,2,0.9948548663528703,122,287.27406907081604
pendigits,medium,300,random_search,3,3,0.994645786813288,113,285.9680140018463
pendigits,medium,300,random_search,4,4,0.9940460380198696,113,293.9760308265686
pendigits,medium,300,random_search,5,5,0.993984219832012,85,288.9780218601227
pendigits,medium,300,random_search,6,6,0.9944198931102916,135,291.0710573196411
pendigits,medium,300,random_search,7,7,0.9946375783585872,113,286.22326493263245
pendigits,medium,300,random_search,8,8,0.9949895613851298,129,287.1996581554413
pendigits,medium,300,random_search,9,9,0.9941891127662656,114,287.38274216651917
pendigits,medium,300,sha,0,0,0.9937443270019478,40,9.805619955062866
pendigits,medium,300,sha,1,1,0.9927104718095892,40,6.46520209312439
pendigits,medium,300,sha,2,2,0.9931592890038644,40,12.14330506324768
pendigits,medium,300,sha,3,3,0.992251411436691,40,6.970729112625122
pendigits,medium,300,sha,4,4,0.9922619769614176,40,10.62119483947754
pendigits,medium,300,sha,5,5,0.9916332497368264,40,10.903064727783203
pendigits,medium,300,sha,6,6,0.9929288436849136,40,6.996826171875
pendigits,medium,300,sha,7,7,0.9928309864675348,40,7.831360101699829
pendigits,medium,300,sha,8,8,0.9941822355832208,40,11.354243993759155
pendigits,medium,300,sha,9,9,0.9935897484121688,40,11.163646936416626
pendigits,medium,300,hyperband,0,0,0.9938272665313004,206,46.71764898300171
pendigits,medium,300,hyperband,1,1,0.9936297766904882,206,68.58452868461609
pendigits,medium,300,hyperband,2,2,0.9937108112086092,206,49.702019929885864
pendigits,medium,300,hyperband,3,3,0.9944031096955462,206,52.19169998168945
pendigits,medium,300,hyperband,4,4,0.9936112294268212,206,58.90163779258728
pendigits,medium,300,hyperband,5,5,0.9943979760011727,206,68.74379110336304
pendigits,medium,300,hyperband,6,6,0.9937248322154468,206,68.7972149848938
pendigits,medium,300,hyperband,7,7,0.9933996522256164,206,61.5774621963501
pendigits,medium,300,hyperband,8,8,0.9939454611573504,206,51.36730718612671
pendigits,medium,300,hyperband,9,9,0.9948704339882442,206,56.28601026535034
pendigits,high,600,random_search,0,0,0.994410975626036,234,575.1046898365021
pendigits,high,600,random_search,1,1,0.9944018047834364,218,570.6778221130371
pendigits,high,600,random_search,2,2,0.9948548663528703,235,578.7558782100677
pendigits,high,600,random_search,3,3,0.994645786813288,223,570.1219310760498
pendigits,high,600,random_search,4,4,0.99419493535297,227,570.8615300655365
pendigits,high,600,random_search,5,5,0.9940802018144672,191,570.3099038600922
pendigits,high,600,random_search,6,6,0.9947524398689244,223,570.2696969509125
pendigits,high,600,random_search,7,7,0.9939539506776076,29,574.6037409305573
pendigits,high,600,random_search,8,8,0.9944245669626618,23,572.9340641498566
pendigits,high,600,random_search,9,9,0.993816143725796,29,570.098081111908
pendigits,high,600,sha,0,0,0.9937443270019478,40,93.89679527282716
pendigits,high,600,sha,1,1,0.9927104718095892,40,60.526522159576416
pendigits,high,600,sha,2,2,0.9931592890038644,40,120.35454392433168
pendigits,high,600,sha,3,3,0.992251411436691,40,64.14328193664551
pendigits,high,600,sha,4,4,0.9922619769614176,40,112.71441197395325
pendigits,high,600,sha,5,5,0.9916332497368264,40,117.14340996742249
pendigits,high,600,sha,6,6,0.9929288436849136,40,72.70344114303589
pendigits,high,600,sha,7,7,0.9928309864675348,40,81.89813303947449
pendigits,high,600,sha,8,8,0.9941822355832208,40,120.53731107711792
pendigits,high,600,sha,9,9,0.9861478655417704,7,868.5712628364563
pendigits,high,600,hyperband,0,0,0.9938272665313004,206,235.86517882347107
pendigits,high,600,hyperband,1,1,0.9936297766904882,206,66.63302803039551
pendigits,high,600,hyperband,2,2,0.9937108112086092,206,49.872901916503906
pendigits,high,600,hyperband,3,3,0.9944031096955462,206,51.46934390068054
pendigits,high,600,hyperband,4,4,0.9936112294268212,206,56.33704614639282
pendigits,high,600,hyperband,5,5,0.9943979760011727,206,66.46746516227722
pendigits,high,600,hyperband,6,6,0.9937248322154468,206,68.075932264328
pendigits,high,600,hyperband,7,7,0.9933996522256164,206,59.602442026138306
pendigits,high,600,hyperband,8,8,0.9939454611573504,206,50.87591195106506
pendigits,high,600,hyperband,9,9,0.9948704339882442,206,53.43634414672851
satimage,very_low,60,random_search,0,0,0.8969260042724502,26,58.54786014556885
satimage,very_low,60,random_search,1,1,0.8951909908274819,35,57.646726846694946
satimage,very_low,60,random_search,2,2,0.8944470132237443,27,57.264686822891235
satimage,very_low,60,random_search,3,3,0.8947100415635768,26,57.84388518333435
satimage,very_low,60,random_search,4,4,0.8963920682044378,25,57.7925660610199
satimage,very_low,60,random_search,5,5,0.8988628292660591,31,64.50312328338623
satimage,very_low,60,random_search,6,6,0.8989466258372557,30,61.11042022705078
satimage,very_low,60,random_search,7,7,0.896848682221035,27,59.62533903121948
satimage,very_low,60,random_search,8,8,0.9020892016850298,33,58.05580997467041
satimage,very_low,60,random_search,9,9,0.8986238945222556,26,57.65155506134033
satimage,very_low,60,sha,0,0,0.8888838131992015,40,7.437187910079956
satimage,very_low,60,sha,1,1,0.883834452488493,40,6.7675621509552
satimage,very_low,60,sha,2,2,0.8880331941499972,40,10.63548493385315
satimage,very_low,60,sha,3,3,0.8846252434910787,40,7.100637912750244
satimage,very_low,60,sha,4,4,0.8968324270042625,40,13.333333015441896
satimage,very_low,60,sha,5,5,0.8893288877321295,40,8.34501576423645
satimage,very_low,60,sha,6,6,0.8949520807482627,40,6.966444253921509
satimage,very_low,60,sha,7,7,0.895047837951244,40,5.735304117202759
satimage,very_low,60,sha,8,8,0.902583618169068,40,9.12307596206665
satimage,very_low,60,sha,9,9,0.896765489711484,40,7.742886304855347
satimage,very_low,60,hyperband,0,0,0.8949824164437928,206,47.18416094779968
satimage,very_low,60,hyperband,1,1,0.8977320924620584,206,44.06076908111572
satimage,very_low,60,hyperband,2,2,0.895075281393853,206,44.75491571426392
satimage,very_low,60,hyperband,3,3,0.8914927042308235,206,39.14398217201233
satimage,very_low,60,hyperband,4,4,0.8968324270042625,206,46.13013577461243
satimage,very_low,60,hyperband,5,5,0.8978737001149222,206,53.625442028045654
satimage,very_low,60,hyperband,6,6,0.8965596565948334,206,43.102015018463135
satimage,very_low,60,hyperband,7,7,0.8987648315739335,206,47.93431901931763
satimage,very_low,60,hyperband,8,8,0.902583618169068,206,41.13519310951233
satimage,very_low,60,hyperband,9,9,0.8962078354015249,206,40.73996186256409
satimage,low,120,random_search,0,0,0.9037005047560172,57,115.80442118644714
satimage,low,120,random_search,1,1,0.8976260515638982,62,114.19767570495604
satimage,low,120,random_search,2,2,0.8994615060907876,61,114.14097571372986
satimage,low,120,random_search,3,3,0.8962363517947254,50,116.2872941493988
satimage,low,120,random_search,4,4,0.8963920682044378,63,114.27625012397766
satimage,low,120,random_search,5,5,0.8988628292660591,50,116.3396680355072
satimage,low,120,random_search,6,6,0.901354231653962,55,121.43701004981996
satimage,low,120,random_search,7,7,0.896848682221035,43,117.23916268348694
satimage,low,120,random_search,8,8,0.9020892016850298,57,117.55255603790285
satimage,low,120,random_search,9,9,0.9012449500798444,49,116.57280111312866
satimage,low,120,sha,0,0,0.8888838131992015,40,6.994003057479858
satimage,low,120,sha,1,1,0.883834452488493,40,6.61137318611145
satimage,low,120,sha,2,2,0.8880331941499972,40,11.235703945159912
satimage,low,120,sha,3,3,0.8846252434910787,40,7.281661033630371
satimage,low,120,sha,4,4,0.8968324270042625,40,13.037106275558472
satimage,low,120,sha,5,5,0.8893288877321295,40,8.267472743988037
satimage,low,120,sha,6,6,0.8949520807482627,40,7.165672302246094
satimage,low,120,sha,7,7,0.895047837951244,40,5.79191780090332
satimage,low,120,sha,8,8,0.902583618169068,40,9.347965002059937
satimage,low,120,sha,9,9,0.896765489711484,40,7.62484884262085
satimage,low,120,hyperband,0,0,0.8949824164437928,206,46.56760096549988
satimage,low,120,hyperband,1,1,0.8977320924620584,206,43.801846981048584
satimage,low,120,hyperband,2,2,0.895075281393853,206,45.585731983184814
satimage,low,120,hyperband,3,3,0.8914927042308235,206,39.90713310241699
satimage,low,120,hyperband,4,4,0.8968324270042625,206,45.918400049209595
satimage,low,120,hyperband,5,5,0.8978737001149222,206,54.1877498626709
satimage,low,120,hyperband,6,6,0.8965596565948334,206,42.90925407409668
satimage,low,120,hyperband,7,7,0.8987648315739335,206,48.16090703010559
satimage,low,120,hyperband,8,8,0.902583618169068,206,42.397104263305664
satimage,low,120,hyperband,9,9,0.8962078354015249,206,39.88329434394837
satimage,medium,300,random_search,0,0,0.9037005047560172,124,285.5671081542969
satimage,medium,300,random_search,1,1,0.8976260515638982,124,287.1436867713928
satimage,medium,300,random_search,2,2,0.8994615060907876,142,286.9084458351135
satimage,medium,300,random_search,3,3,0.9000163264651508,128,286.17595386505127
satimage,medium,300,random_search,4,4,0.9008169956170348,125,286.00253891944885
satimage,medium,300,random_search,5,5,0.8988628292660591,104,292.78161001205444
satimage,medium,300,random_search,6,6,0.901354231653962,140,285.4290747642517
satimage,medium,300,random_search,7,7,0.8978766166844087,122,286.25240898132324
satimage,medium,300,random_search,8,8,0.9020892016850298,135,286.1468369960785
satimage,medium,300,random_search,9,9,0.902166502301454,132,285.789479970932
satimage,medium,300,sha,0,0,0.8888838131992015,40,6.987276792526245
satimage,medium,300,sha,1,1,0.883834452488493,40,6.716623306274414
satimage,medium,300,sha,2,2,0.8880331941499972,40,11.12069010734558
satimage,medium,300,sha,3,3,0.8846252434910787,40,7.05701208114624
satimage,medium,300,sha,4,4,0.8968324270042625,40,13.283046245574951
satimage,medium,300,sha,5,5,0.8893288877321295,40,8.966790914535522
satimage,medium,300,sha,6,6,0.8949520807482627,40,6.853241920471191
satimage,medium,300,sha,7,7,0.895047837951244,40,5.691057920455933
satimage,medium,300,sha,8,8,0.902583618169068,40,9.28560996055603
satimage,medium,300,sha,9,9,0.896765489711484,40,7.382328033447266
satimage,medium,300,hyperband,0,0,0.8949824164437928,206,46.29088807106018
satimage,medium,300,hyperband,1,1,0.8977320924620584,206,43.347110748291016
satimage,medium,300,hyperband,2,2,0.895075281393853,206,44.03129696846008
satimage,medium,300,hyperband,3,3,0.8914927042308235,206,39.066291093826294
satimage,medium,300,hyperband,4,4,0.8968324270042625,206,45.941612005233765
satimage,medium,300,hyperband,5,5,0.8978737001149222,206,54.02120590209961
satimage,medium,300,hyperband,6,6,0.8965596565948334,206,43.561325788497925
satimage,medium,300,hyperband,7,7,0.8987648315739335,206,48.488722801208496
satimage,medium,300,hyperband,8,8,0.902583618169068,206,41.99052023887634
satimage,medium,300,hyperband,9,9,0.8962078354015249,206,40.65417981147766
satimage,high,600,random_search,0,0,0.9037005047560172,262,571.5585453510284
satimage,high,600,random_search,1,1,0.9021580103735012,252,573.1973311901093
satimage,high,600,random_search,2,2,0.9008362951253548,269,570.9028069972992
satimage,high,600,random_search,3,3,0.9000163264651508,257,570.5901279449463
satimage,high,600,random_search,4,4,0.9008169956170348,274,572.8620729446411
satimage,high,600,random_search,5,5,0.8988628292660591,223,572.6281299591064
satimage,high,600,random_search,6,6,0.90219086216815,263,570.3508439064026
satimage,high,600,random_search,7,7,0.9012734228104206,239,571.5263109207153
satimage,high,600,random_search,8,8,0.9020892016850298,275,570.8178608417511
satimage,high,600,random_search,9,9,0.902166502301454,250,570.3701870441437
satimage,high,600,sha,0,0,0.8888838131992015,40,7.371086835861206
satimage,high,600,sha,1,1,0.883834452488493,40,6.820300102233887
satimage,high,600,sha,2,2,0.8880331941499972,40,11.215782165527344
satimage,high,600,sha,3,3,0.8846252434910787,40,7.481635093688965
satimage,high,600,sha,4,4,0.8968324270042625,40,13.259004831314089
satimage,high,600,sha,5,5,0.8893288877321295,40,8.312620162963867
satimage,high,600,sha,6,6,0.8949520807482627,40,7.324878931045532
satimage,high,600,sha,7,7,0.895047837951244,40,5.912163972854614
satimage,high,600,sha,8,8,0.902583618169068,40,9.26032328605652
satimage,high,600,sha,9,9,0.896765489711484,40,8.13970398902893
satimage,high,600,hyperband,0,0,0.8949824164437928,206,45.67332601547241
satimage,high,600,hyperband,1,1,0.8977320924620584,206,43.34151816368103
satimage,high,600,hyperband,2,2,0.895075281393853,206,45.13358736038208
satimage,high,600,hyperband,3,3,0.8914927042308235,206,39.445363998413086
satimage,high,600,hyperband,4,4,0.8968324270042625,206,45.333081007003784
satimage,high,600,hyperband,5,5,0.8978737001149222,206,53.699363708496094
satimage,high,600,hyperband,6,6,0.8965596565948334,206,43.73178291320801
satimage,high,600,hyperband,7,7,0.8987648315739335,206,46.94200301170349
satimage,high,600,hyperband,8,8,0.902583618169068,206,41.2307767868042
satimage,high,600,hyperband,9,9,0.8962078354015249,206,40.536664962768555
